site_no,site_export_id,location_type,huc2,huc2_region_name,station_nm,dec_lat_va,dec_long_va,median_00060_Mean,n_flow_obs,median_no3no2,n_combined_days,mutual_information,n_paired_days
1408500,1,Mid Atlantic,02,Mid Atlantic Region,Toms River near Toms River NJ,39.98638889,-74.2233333,170.0,6629,0.62,670,0.8809995052427788,670.0
1463500,2,Mid Atlantic,02,Mid Atlantic Region,Delaware River at Trenton NJ,40.22166667,-74.77805556,9760.0,6599,0.9,669,0.3817327032703419,669.0
1491000,3,Mid Atlantic,02,Mid Atlantic Region,"CHOPTANK RIVER NEAR GREENSBORO, MD",38.99719444,-75.7858056,95.1,6630,1.46,931,0.2558446975870168,929.0
1493112,4,Mid Atlantic,02,Mid Atlantic Region,"CHESTERVILLE BRANCH NEAR CRUMPTON, MD",39.25705556,-75.94013889,6.54,5211,8.455,1898,0.38843609381526933,1898.0
1573208,5,Mid Atlantic,02,Mid Atlantic Region,"Swatara Creek near Palmyra, PA",40.32223889,-76.6293944,353.0,1136,3.1,993,0.13899576997503527,952.0
1575900,6,Mid Atlantic,02,Mid Atlantic Region,"Chiques Creek near Marietta, PA",40.0628745,-76.5155214,70.5,1883,6.75,1662,0.23125372235402075,1634.0
1640152,7,Mid Atlantic,02,Mid Atlantic Region,"SAMS CREEK AT MCKINSTRYS MILL, MD",39.53308056,-77.15888889,4.445,454,3.09,453,0.10770811291147941,441.0
1646500,8,Mid Atlantic,02,Mid Atlantic Region,"POTOMAC RIVER NEAR WASH, DC LITTLE FALLS PUMP STA",38.94977778,-77.12763889,6850.0,6632,1.06,4674,0.3846675217320721,4674.0
2235500,9,Florida,03,South Atlantic-Gulf Region,"BLUE SPRINGS NEAR ORANGE CITY, FL",28.944154,-81.3397866,145.0,6522,0.87,1672,0.6094315944512005,1672.0
2239501,10,Florida,03,South Atlantic-Gulf Region,"SILVER RIVER NEAR OCALA, FL",29.2149764,-82.0412,600.0,6632,1.18,1723,0.6521282389898158,1723.0
2248350,11,Florida,03,South Atlantic-Gulf Region,"TURNBULL CREEK NR OAK HILL, FL",28.82106816,-80.8597897,2.855,1420,0.26,131,0.184039793915602,121.0
2248380,12,Florida,03,South Atlantic-Gulf Region,"HAULOVER CANAL NEAR MIMS,FL",28.73638079,-80.754773,117.0,6385,0.04,427,0.0,385.0
2248600,13,Florida,03,South Atlantic-Gulf Region,"DRAINAGE CANAL AT PLAZA PKWY AT COCOA, FL",28.36875277,-80.7372679,1.86,980,0.19,442,0.22715921279946238,408.0
2249500,14,Florida,03,South Atlantic-Gulf Region,"CRANE CREEK AT MELBOURNE, FL",28.07946416,-80.62953749,14.9,6632,0.36,543,0.5029359836891043,543.0
2250030,15,Florida,03,South Atlantic-Gulf Region,"TURKEY CREEK AT PALM BAY, FL",28.01724054,-80.59588719,67.6,6497,0.14,581,0.2090188684367158,581.0
2251767,16,Florida,03,South Atlantic-Gulf Region,"FELLSMERE CANAL NEAR MICCO, FL",27.83058119,-80.5342203,57.2,6632,0.17,287,0.34426015269031174,287.0
2253000,17,Florida,03,South Atlantic-Gulf Region,"MAIN CANAL AT VERO BEACH, FL",27.64780983,-80.405607,34.3,5981,0.33,536,0.4714910818625051,536.0
2258800,18,Florida,03,South Atlantic-Gulf Region,"INDIAN PRAIRIE CANAL AB PUMP STA NR OKEECHOBEE, FL",27.15438056,-81.0699806,54.1,2973,0.06,2248,0.07852285816751348,2217.0
2289035,19,Florida,03,South Atlantic-Gulf Region,"THREE MILE CANAL BELOW G409 NEAR CLEWISTON, FL",26.32719444,-80.8816111,1.6,4856,0.05,3739,0.13164188371906071,3713.0
2292900,20,Florida,03,South Atlantic-Gulf Region,"CALOOSAHATCHEE RIVER AT S-79, NR.OLGA, FLA",26.72173357,-81.69318057,1350.0,6572,0.2,3853,0.11739642356134006,3846.0
2310650,21,Florida,03,South Atlantic-Gulf Region,CHASSAHOWITZKA RIVER NEAR HOMOSASSA FL,28.71527923,-82.57681407,59.3,5873,0.51,1721,0.22005909841526083,1618.0
2310678,22,Florida,03,South Atlantic-Gulf Region,HOMOSASSA SPRINGS AT HOMOSASSA SPRINGS FL,28.79972101,-82.58875875,83.1,6288,0.76,1807,0.20330646891904447,1760.0
2313098,23,Florida,03,South Atlantic-Gulf Region,"RAINBOW RIVER NEAR DUNNELLON, FL",29.07130556,-82.42661111,628.0,4448,1.83,1806,0.9581355714683495,1798.0
2313100,24,Florida,03,South Atlantic-Gulf Region,"RAINBOW RIVER AT DUNNELLON, FL",29.04943524,-82.44764329,621.0,6631,1.78,2050,0.8289310902866678,2050.0
2315626,25,Florida,03,South Atlantic-Gulf Region,"ALAPAHA RISE ABOVE SW 68TH DRIVE NEAR JASPER, FL",30.43944444,-83.0892778,550.0,1461,0.47,463,0.7813755239521578,463.0
2319302,26,Florida,03,South Atlantic-Gulf Region,"MADISON BLUE SPRING NR BLUE SPRINGS, FL",30.48049106,-83.2443097,102.0,6310,1.9,2477,0.555685253015163,2357.0
2319950,27,Florida,03,South Atlantic-Gulf Region,"BLUE SPRINGS NEAR DELL,FL",30.12572778,-83.2271694,71.1,2996,3.54,2483,0.6584655710706291,1981.0
2322688,28,Florida,03,South Atlantic-Gulf Region,"BLUE HOLE SPRING NR HILDRETH, FL",29.9799552,-82.758457,76.15,6366,0.77,2174,0.8530817365349836,2174.0
2322700,29,Florida,03,South Atlantic-Gulf Region,"ICHETUCKNEE R @ HWY27 NR HILDRETH, FL",29.95273288,-82.7859573,305.0,6629,0.61,2767,0.46154984838265634,2767.0
2322800,30,Florida,03,South Atlantic-Gulf Region,SANTA FE RIVER NR HILDRETH FLA,29.91162076,-82.8604033,1610.0,6632,0.67,1169,0.6433841993356806,1169.0
2323502,31,Florida,03,South Atlantic-Gulf Region,FANNING SPRINGS NR WILCOX FLA,29.5891247,-82.9331797,74.4,6170,6.36,2867,0.3189322408691684,2843.0
2323566,32,Florida,03,South Atlantic-Gulf Region,MANATEE SPRING NR CHIEFLAND FLA,29.4896808,-82.976791,156.0,6621,2.46,3583,0.2067246869917092,3583.0
2326526,33,Florida,03,South Atlantic-Gulf Region,WACISSA RIVER NR WACISSA FLA,30.3013159,-83.9796085,329.0,6297,0.24,2772,0.1742135519743746,2771.0
2358795,34,Florida,03,South Atlantic-Gulf Region,"JACKSON BLUE SPRING NR MARIANNA, FL",30.79046943,-85.1407611,124.0,923,3.63,2529,,
3159500,35,Midwest,05,Ohio Region,Hocking River at Athens OH,39.32896188,-82.0876439,512.0,13262,0.8217904926423956,1675,0.24521589714855585,1675.0
3230427,36,Midwest,05,Ohio Region,Clover Groff Ditch below Alton OH,39.94444444,-83.1761111,3.71,1118,0.3,847,0.4939712453175584,847.0
3245500,37,Midwest,05,Ohio Region,Little Miami River at Milford OH,39.17144887,-84.2979933,789.0,13246,1.9708226448731572,2040,0.19222825661252152,2040.0
3247500,38,Midwest,05,Ohio Region,East Fork Little Miami River at Perintown OH,39.13700548,-84.2379918,178.0,13254,0.9449501490015255,1675,0.36544928709107305,1675.0
3275500,39,Midwest,05,Ohio Region,"EAST FORK WHITEWATER RIVER AT RICHMOND, IN",39.806701,-84.9071494,81.0,3024,1.94,2514,0.5734263852633945,2505.0
3276000,40,Midwest,05,Ohio Region,"EAST FORK WHITEWATER RIVER AT BROOKVILLE, IN",39.43392795,-85.003264,379.5,496,1.24,380,0.5763037682452152,378.0
3290500,41,Midwest,05,Ohio Region,"KENTUCKY RIVER AT LOCK 2 AT LOCKPORT, KY",38.43894162,-84.96326372,5060.0,6611,0.73,1302,0.2723470992035284,1302.0
3336890,42,Midwest,05,Ohio Region,"SPOON RIVER NEAR ST. JOSEPH, IL",40.16419444,-88.0275,15.2,9286,3.7020074345996257,3440,0.9312421170784986,3440.0
3338780,43,Midwest,05,Ohio Region,"NORTH FORK VERMILION RIVER NEAR BISMARCK, IL",40.26566667,-87.64213889,121.5,2508,4.4,1901,,
3339000,44,Midwest,05,Ohio Region,"VERMILION RIVER NEAR DANVILLE, IL",40.1010833,-87.5976111,624.0,13218,5.6,3333,0.373855661971076,3310.0
3340900,45,Midwest,05,Ohio Region,"BIG RACCOON CREEK AT FERNDALE, IN",39.71116667,-87.0712778,84.6,497,1.59,383,0.82502323363114,381.0
3343820,46,Midwest,05,Ohio Region,"KICKAPOO CREEK AT 1320E ROAD NR CHARLESTON, IL",39.465,-88.2302778,15.5,4642,7.56,841,0.48686421795926016,841.0
3346500,47,Midwest,05,Ohio Region,"EMBARRAS RIVER AT LAWRENCEVILLE, IL",38.72380556,-87.6643611,988.0,13178,2.1,3256,0.46164307970276575,3239.0
3353200,48,Midwest,05,Ohio Region,"EAGLE CREEK AT ZIONSVILLE, IN",39.94642217,-86.260249,47.1,6628,1.62,4588,0.30749349971809714,4587.0
3353415,49,Midwest,05,Ohio Region,"SCHOOL BRANCH AT MALONEY ROAD NEAR BROWNSBURG, IN",39.88577778,-86.3554444,0.76,3900,2.17,2569,0.47594647198359086,2525.0
3353420,50,Midwest,05,Ohio Region,"SCHOOL BRANCH AT CR750N AT BROWNSBURG, IN",39.8725833,-86.3615278,1.25,3866,2.67,3596,0.4809376014446727,3550.0
3374100,51,Midwest,05,Ohio Region,"WHITE RIVER AT HAZLETON, IN",38.4897748,-87.5500132,10300.0,5603,1.43,1576,0.630475791881286,1551.0
3378500,52,Midwest,05,Ohio Region,"WABASH RIVER AT NEW HARMONY, IN",38.13089124,-87.9414145,23500.0,5609,1.88,1696,0.6018850044957613,1696.0
3381500,53,Midwest,05,Ohio Region,"LITTLE WABASH RIVER AT CARMI, IL",38.06055556,-88.1572222,1600.0,13252,0.9911844629084542,858,0.41450685868111536,858.0
3612600,54,Midwest,05,Ohio Region,"OHIO RIVER AT OLMSTED, IL",37.17921867,-89.058404,245000.0,4694,1.12,1956,0.5183170424066268,1914.0
4026390,55,Midwest,04,Great Lakes Region,"BEARTRAP CREEK AT U.S. HIGHWAY 2 NEAR ASHLAND, WI",46.60916667,-90.7602778,1.855,8596,0.06250683002814525,243,0.5474307240188296,243.0
4072150,56,Midwest,04,Great Lakes Region,"DUCK CREEK NEAR HOWARD, WI",44.53338889,-88.1296944,17.5,15936,1.8073242707258625,1250,0.44036889611851127,1250.0
4080798,57,Midwest,04,Great Lakes Region,"TOMORROW RIVER NEAR NELSONVILLE, WI",44.5244444,-89.3377778,29.1,4275,2.92,1015,1.0062582342731416,1015.0
4081000,58,Midwest,04,Great Lakes Region,"WAUPACA RIVER NEAR WAUPACA, WI",44.32916667,-88.9958333,252.0,4249,2.75,914,0.3990174007016538,914.0
4084911,59,Midwest,04,Great Lakes Region,"PLUM CREEK NEAR WRIGHTSTOWN, WI",44.3055449,-88.1712146,2.52,11098,2.72929111948838,1096,0.3979418843914444,1096.0
4085108,60,Midwest,04,Great Lakes Region,"EAST RIVER @ CNTY TRUNK HIGHWAY ZZ NR GREENLEAF,WI",44.37194444,-88.0922222,7.945,10184,1.2977883277925093,4515,0.4966969358285356,4515.0
4086120,61,Midwest,04,Great Lakes Region,"WEST BRANCH MILWAUKEE RIVER @ CTH K NEAR LOMIRA,WI",43.62444444,-88.4008333,6.175,3136,8.082844479353856,1568,0.9861448930664913,1568.0
4144032,62,Midwest,04,Great Lakes Region,"THREEMILE CREEK AT PRIOR ROAD NEAR DURAND, MI",42.88169789,-83.9846833,3.21,7040,1.7585820391335456,578,0.6575803437497818,578.0
41482663,63,Midwest,04,Great Lakes Region,"ALGER CREEK AT HILL ROAD NEAR SWARTZ CREEK, MI",42.9419733,-83.8460698,3.74,9208,0.8001302150840144,578,0.5887266437527643,578.0
4175748,64,Midwest,04,Great Lakes Region,S BRANCH RIVER RAISIN AT BENNER HWAY NR CADMUS MI,41.8579611,-84.1596944,2.335,3888,1.6905700568557036,1794,0.9028145799321794,1794.0
4176063,65,Midwest,04,Great Lakes Region,"NILE DITCH AT ARNOLD HWY NR JASPER, MI",41.7776111,-84.03688889,2.86,3862,3.3350970586770665,1824,0.965430900935373,1824.0
4176356,66,Midwest,04,Great Lakes Region,"SALINE RIVER AT AUSTIN ROAD NEAR BRIDGEWATER, MI",42.1611214,-83.84433309,10.0,1298,1.415493744167161,518,1.0938353979380313,518.0
4176617,67,Midwest,04,Great Lakes Region,"MUDDY CREEK AT BELLETERRE RD NR ERIE, MI",41.82532407,-83.4657669,0.66,3758,4.990819495172351,1795,0.6383607729567848,1795.0
4177080,68,Midwest,04,Great Lakes Region,"E BR ST JOSEPH R AT TERRITORIAL RD NR WALDRON, MI",41.70945895,-84.4907444,36.4,5626,1.1616117708004094,2192,0.7268019257976119,2192.0
4177266,69,Midwest,04,Great Lakes Region,"WEST BRANCH ST. JOSEPH RIVER NR NETTLE LAKE, OH",41.68334819,-84.6699172,53.2,5718,1.0527714420292906,2192,0.7166306157655056,2192.0
4178000,70,Midwest,04,Great Lakes Region,St Joseph River near Newville IN,41.38560609,-84.8016259,255.0,13192,1.2033024191305626,2771,0.5439855678285865,2771.0
4181049,71,Midwest,04,Great Lakes Region,St Marys River at Walcot Street at Willshire OH,40.74888889,-84.7891667,103.0,6518,3.4534933297751067,2771,0.6261742239574999,2771.0
4181100,72,Midwest,04,Great Lakes Region,"BLUE CREEK NR PLEASANT MILLS, IN",40.74696821,-84.82214559,5.03,1822,3.940797558369991,366,0.5413488349939035,366.0
4182000,73,Midwest,04,Great Lakes Region,"ST. MARYS RIVER NEAR FORT WAYNE, IN",40.9877993,-85.1118772,198.0,13264,3.4157862526945877,2477,0.527766815218977,2477.0
4183000,74,Midwest,04,Great Lakes Region,"MAUMEE RIVER AT NEW HAVEN, IN",41.0850205,-85.0221518,814.0,13262,2.8535312724890085,1560,0.10033864477045062,1560.0
4183038,75,Midwest,04,Great Lakes Region,"BLACK CREEK NEAR HARLAN, IN",41.1830833,-84.8696944,2.415,7604,4.163869453971786,3288,0.9529064016537019,3288.0
4183105,76,Midwest,04,Great Lakes Region,"MAUMEE RIVER AT SR 101 NEAR WOODBURN, IN",41.16977778,-84.8491667,1975.0,1084,2.8354740104899183,516,0.2530569149108217,516.0
4183500,77,Midwest,04,Great Lakes Region,Maumee River at Antwerp OH,41.19893889,-84.7444033,948.0,8754,2.9344784518838507,3867,0.17186768793360852,3867.0
4183979,78,Midwest,04,Great Lakes Region,Platter Creek near Sherwood OH,41.26694444,-84.5919444,1.73,6540,6.014840157074159,2770,0.6462210522554033,2770.0
41843678,79,Midwest,04,Great Lakes Region,"LIME CREEK AT RANGER HIGHWAY NEAR MORENCI, MI",41.75497778,-84.25168889,6.115,3760,1.6503931581146665,1795,0.7661526468939552,1795.0
4184500,80,Midwest,04,Great Lakes Region,Bean Creek at Powers OH,41.6594951,-84.2491148,86.2,13264,1.5237110655446542,2192,0.6284018541415937,2192.0
4185318,81,Midwest,04,Great Lakes Region,Tiffin River near Evansport OH,41.3825,-84.4161111,199.0,9064,2.6914679970641213,4232,0.670761667934995,4232.0
4185935,82,Midwest,04,Great Lakes Region,Auglaize River near Kossuth OH,40.6858333,-84.2655556,54.2,6366,3.5888392529009687,3136,0.2747336128834954,3136.0
4186500,83,Midwest,04,Great Lakes Region,Auglaize River near Fort Jennings OH,40.9486617,-84.266059,73.4,13264,3.3255905319491097,4232,0.4271347214270138,4232.0
4188100,84,Midwest,04,Great Lakes Region,Ottawa River near Kalida OH,40.9903287,-84.2266132,104.0,8696,3.911346858732976,3863,0.21905386415171524,3863.0
4188496,85,Midwest,04,Great Lakes Region,Eagle Creek above Findlay OH,40.9792203,-83.6532653,7.14,13264,2.3749047610218974,4013,0.5356713066904053,4013.0
4190000,86,Midwest,04,Great Lakes Region,Blanchard River near Dupont OH,41.0414393,-84.2268905,166.0,8638,3.7544768524658956,3867,0.37854205112794137,3867.0
4191058,87,Midwest,04,Great Lakes Region,Little Auglaize River at Melrose OH,41.09194444,-84.4075,57.3,7738,4.0976593194705995,3457,0.20458949205610244,3456.0
4191444,88,Midwest,04,Great Lakes Region,Little Flatrock Creek near Junction OH,41.18555556,-84.4955556,1.04,8100,4.6167247900328165,2771,0.3540670835925219,2771.0
4192500,89,Midwest,04,Great Lakes Region,Maumee River near Defiance OH,41.2919928,-84.2810573,1870.0,13264,3.116275679325685,3867,0.29040267192090763,3867.0
5341500,90,Midwest,07,Upper Mississippi Region,"APPLE RIVER NEAR SOMERSET, WI",45.1575,-92.7163889,251.0,6392,0.7638638580026866,729,0.5608305152542892,729.0
53416972,91,Midwest,07,Upper Mississippi Region,"WILLOW RIVER @ COUNTY TRUNK HIGHWAY T AT JEWETT,WI",45.12002778,-92.4363056,41.0,2936,3.5322121271779503,1460,1.0060299216180986,1460.0
5341752,92,Midwest,07,Upper Mississippi Region,"WILLOW RIVER @ WILLOW R STATE PARK NR BURKHARDT,WI",45.01166667,-92.7083333,160.0,8098,3.3995136300993134,730,1.037214042614437,730.0
5342000,93,Midwest,07,Upper Mississippi Region,"KINNICKINNIC RIVER NEAR RIVER FALLS, WI",44.8308333,-92.7330556,113.0,13226,5.853316382340244,729,0.9745523480141873,729.0
5412500,94,Midwest,07,Upper Mississippi Region,"Turkey River at Garber, IA",42.7399884,-91.261799,957.0,13160,6.305712166957996,3053,0.6386165323076343,3053.0
5418110,95,Midwest,07,Upper Mississippi Region,"NF Maquoketa River below Bear Cr at Dyersville, IA",42.4703333,-91.1245556,53.1,3118,7.55374036995839,589,0.9383078132309408,589.0
5418400,96,Midwest,07,Upper Mississippi Region,"North Fork Maquoketa River near Fulton, IA",42.1643333,-90.7293333,365.0,13072,5.796865917182342,611,0.6461057442123588,611.0
5418720,97,Midwest,07,Upper Mississippi Region,"Maquoketa River near Green Island, IA",42.1638611,-90.3350833,1530.0,3278,7.144096886384293,1198,0.5523706492251339,1179.0
5420500,98,Midwest,07,Upper Mississippi Region,"Mississippi River at Clinton, IA",41.78058635,-90.252073,51700.0,6632,2.57,1785,0.3714234876992384,1785.0
5427718,99,Midwest,07,Upper Mississippi Region,"YAHARA RIVER AT WINDSOR, WI",43.20888889,-89.3525,26.8,13092,7.619337930439743,5479,0.5327062050789202,5479.0
5427880,100,Midwest,07,Upper Mississippi Region,"SIXMILE CREEK AT STATE HIGHWAY 19 NEAR WAUNAKEE,WI",43.1922222,-89.4728889,11.2,9854,4.3920382388033765,4848,0.4490113091532981,4848.0
5427905,101,Midwest,07,Upper Mississippi Region,"SIXMILE CREEK AT WOODLAND DRIVE NEAR WAUNAKEE, WI",43.1600722,-89.4321,20.5,1744,4.779398842123099,731,0.7079906514734908,731.0
5427910,102,Midwest,07,Upper Mississippi Region,"SIXMILE CREEK @ COUNTY TRNK HGHWY M NR WAUNAKEE,WI",43.1468333,-89.4368333,27.95,9140,4.465281627480035,4484,0.407850195428896,4484.0
5427927,103,Midwest,07,Upper Mississippi Region,"DORN (SPRING) CREEK @ CT HIGHWAY Q NR WAUNAKEE, WI",43.14505556,-89.4718611,5.37,9994,9.193153588067108,4848,0.5198897038669972,4848.0
5427930,104,Midwest,07,Upper Mississippi Region,"DORN (SPRING) CREEK AT CT HIGHWAY M NR WAUNAKEE,WI",43.14027778,-89.4423056,7.655,9956,6.71316386731246,4836,0.4016850700583259,4836.0
5427948,105,Midwest,07,Upper Mississippi Region,"PHEASANT BRANCH AT MIDDLETON, WI",43.1033333,-89.5116667,4.63,13226,1.116740303207521,1918,0.49851969434520127,1918.0
5429369,106,Midwest,07,Upper Mississippi Region,"SWAN CREEK AT LALOR ROAD NEAR FITCHBURG, WI",42.99951944,-89.3615417,2.23,3392,4.948938949391975,1230,0.9635036546435214,1230.0
5430175,107,Midwest,07,Upper Mississippi Region,"YAHARA RIVER NEAR FULTON, WI",42.82638889,-89.1719444,507.0,13198,3.27101100216417,4291,0.8373626340803737,4291.0
5446500,108,Midwest,07,Upper Mississippi Region,"ROCK RIVER NEAR JOSLIN, IL",41.5561111,-90.1852778,7980.0,6608,3.6,2568,0.3377390283478814,2568.0
5447500,109,Midwest,07,Upper Mississippi Region,"GREEN RIVER NEAR GENESEO, IL",41.4889333,-90.1580083,637.0,6583,3.6,2594,0.9619511935855511,2594.0
5451210,110,Midwest,07,Upper Mississippi Region,"South Fork Iowa River NE of New Providence, IA",42.31530556,-93.1521944,79.8,6611,7.545,370,1.4108163989771554,370.0
5455100,111,Midwest,07,Upper Mississippi Region,"Old Mans Creek near Iowa City, IA",41.60640556,-91.6157222,79.6,13154,5.319279876190937,773,1.094637957391198,773.0
5457000,112,Midwest,07,Upper Mississippi Region,"CEDAR RIVER NEAR AUSTIN, MN",43.63757,-92.974797,166.0,13230,8.500780321816219,591,0.24855023838479484,591.0
5464420,113,Midwest,07,Upper Mississippi Region,"Cedar River at Blairs Ferry Road at Palo, IA",42.06916389,-91.7851806,3900.0,12240,6.02800348417701,3313,0.6613469412954833,3299.0
5464475,114,Midwest,07,Upper Mississippi Region,"Morgan Creek near Covington, IA",41.98941597,-91.7595985,6.27,4656,4.840369972596201,1904,0.6717680809067899,1866.0
5464500,115,Midwest,07,Upper Mississippi Region,"Cedar River at Cedar Rapids, IA",41.97194549,-91.6671239,3880.0,13264,6.0067644410378165,689,0.9113440432759154,689.0
5465500,116,Midwest,07,Upper Mississippi Region,"Iowa River at Wapello, IA",41.1780861,-91.1820917,8120.0,13148,4.73,4278,0.5633749138940205,4278.0
5474500,117,Midwest,07,Upper Mississippi Region,"Mississippi River at Keokuk, IA",40.39365535,-91.374318,79300.0,6574,2.26,997,0.7992832713724947,949.0
5480603,118,Midwest,07,Upper Mississippi Region,"Prairie Creek at Otho, IA (S3)",42.41088889,-94.1413056,5.52,471,9.58,271,0.5796561583078428,271.0
5480986,119,Midwest,07,Upper Mississippi Region,"Lyons Creek near Webster City, IA (L3)",42.49325,-93.7668056,1.585,264,33.349999999999994,106,0.5356958247306456,106.0
5481000,120,Midwest,07,Upper Mississippi Region,"Boone River near Webster City, IA",42.4319722,-93.8059444,226.0,13238,11.278693699462073,1247,0.8441037834630647,1247.0
5482000,121,Midwest,07,Upper Mississippi Region,"Des Moines River at 2nd Avenue at Des Moines, IA",41.61194444,-93.6197222,2460.0,13116,5.5,4188,0.8054556777121054,4117.0
5482300,122,Midwest,07,Upper Mississippi Region,"North Raccoon River near Sac City, IA",42.35455556,-94.9910278,193.0,13182,9.793127453750564,5795,0.3235671386940133,5754.0
5482500,123,Midwest,07,Upper Mississippi Region,"North Raccoon River near Jefferson, IA",41.9878611,-94.3770833,482.0,13218,8.359908394376175,5178,0.5715522630624914,5155.0
5483600,124,Midwest,07,Upper Mississippi Region,"Middle Raccoon River at Panora, IA",41.68741667,-94.3710556,151.0,6607,6.157426399688553,1404,0.7895752358487473,1404.0
5484000,125,Midwest,07,Upper Mississippi Region,"South Raccoon River at Redfield, IA",41.59041667,-94.1511667,381.5,13176,4.5,3499,0.7214589076788274,3455.0
5484500,126,Midwest,07,Upper Mississippi Region,"Raccoon River at Van Meter, IA",41.53402778,-93.9497778,1110.0,13176,6.126887781401505,4712,0.6910968088086431,4668.0
5515500,127,Midwest,07,Upper Mississippi Region,"KANKAKEE RIVER AT DAVIS, IN",41.38963889,-86.7061667,556.0,6621,1.47,4248,0.3037826627560829,4237.0
5517500,128,Midwest,07,Upper Mississippi Region,"KANKAKEE RIVER AT DUNNS BRIDGE, IN",41.22001988,-86.96832769,1260.0,6612,1.98,2873,0.5748491899332393,2873.0
5518000,129,Midwest,07,Upper Mississippi Region,"KANKAKEE RIVER AT SHELBY, IN",41.1828134,-87.3403096,1740.0,6599,1.48,3500,0.6464823369231096,3498.0
5524500,130,Midwest,07,Upper Mississippi Region,"IROQUOIS RIVER NEAR FORESMAN, IN",40.8705788,-87.3066723,253.0,6614,4.9,3732,0.7618756703236351,3730.0
5536356,131,Midwest,04,Great Lakes Region,"GRAND CALUMET RIVER AT COLUMBIA AV AT HAMMOND, IN",41.6186111,-87.4998333,32.6,1923,5.9,1443,0.14583781164590048,1442.0
5537980,132,Midwest,07,Upper Mississippi Region,"DES PLAINES RIVER AT ROUTE 53 AT JOLIET, IL",41.5364722,-88.0836944,3060.0,13262,5.078202094362615,2959,0.35007860865972873,2958.0
5554300,133,Midwest,07,Upper Mississippi Region,"INDIAN CREEK NEAR FAIRBURY, IL",40.72277778,-88.53,22.3,7724,6.84,2861,1.0723096608587066,2813.0
5557500,134,Midwest,07,Upper Mississippi Region,"EAST BUREAU CREEK NEAR BUREAU, IL",41.3347222,-89.3819444,6.7,1706,2.31,195,1.2081975059043937,195.0
5567500,135,Midwest,07,Upper Mississippi Region,"MACKINAW RIVER NEAR CONGERVILLE, IL",40.6235,-89.2416667,305.0,6601,4.0,972,0.9969274469707057,972.0
5576195,136,Midwest,07,Upper Mississippi Region,"SUGAR CREEK NEAR CHATHAM, IL",39.659075,-89.6589361,21.45,1046,4.0,2452,0.7912843606360211,918.0
5579610,137,Midwest,07,Upper Mississippi Region,"KICKAPOO CREEK AT 2100E ROAD NEAR BLOOMINGTON, IL",40.46777778,-88.86388889,2.91,5660,11.3,782,1.372888594521625,782.0
5579620,138,Midwest,07,Upper Mississippi Region,"KICKAPOO CREEK TRIBUTARY NEAR BLOOMINGTON, IL",40.47277778,-88.8797222,1.85,5662,6.855977827306461,1056,0.8632562549887517,1056.0
5579630,139,Midwest,07,Upper Mississippi Region,"KICKAPOO CREEK NEAR BLOOMINGTON, IL",40.4583333,-88.8775,6.98,4689,4.87,1235,1.282882192240625,1235.0
5595000,140,Midwest,07,Upper Mississippi Region,"KASKASKIA RIVER AT NEW ATHENS, IL",38.3197222,-89.8883333,3760.0,12244,0.802035482389085,3663,0.3258651507663748,3617.0
5599490,141,Midwest,07,Upper Mississippi Region,"BIG MUDDY RIVER AT RTE 127 AT MURPHYSBORO, IL",37.7583333,-89.3277778,1170.0,6619,0.6,3293,0.10779293806783663,3281.0
6466500,142,Midwest,10,Missouri Region,"Bazile Creek near Niobrara, Nebr.",42.73210833,-97.92254722,101.0,6551,6.69,1186,0.4524544273143314,1186.0
6476000,143,Midwest,10,Missouri Region,"JAMES RIVER AT HURON,SD",44.36359475,-98.199257,499.0,6537,0.5,1025,0.5373269336301476,1025.0
6478513,144,Midwest,10,Missouri Region,"JAMES RIVER NEAR YANKTON, SD",42.9958297,-97.3697806,858.5,5898,0.7,929,0.5885717626239737,929.0
6480000,145,Midwest,10,Missouri Region,"BIG SIOUX RIVER NEAR BROOKINGS,SD",44.1802473,-96.749496,254.0,6537,1.2,312,0.5483059641713317,312.0
6481000,146,Midwest,10,Missouri Region,"BIG SIOUX RIVER NEAR DELL RAPIDS,SD",43.79044595,-96.7456623,359.0,6537,1.3,1085,0.7181638814160287,1085.0
6604440,147,Midwest,10,Missouri Region,"Little Sioux River at 300th St near Spencer, IA",43.21277778,-95.2391667,124.0,2664,3.33,821,0.5531074680779127,821.0
6796500,148,Midwest,10,Missouri Region,"Platte River near Leshara, Nebr.",41.32,-96.4038889,4680.0,6599,0.501,1852,0.25513099259609895,1852.0
6800500,149,Midwest,10,Missouri Region,"Elkhorn River at Waterloo, Nebr.",41.2933333,-96.2838889,1540.0,6608,3.32,1863,0.709988943801231,1863.0
6801000,150,Midwest,10,Missouri Region,"Platte River near Ashland, Nebr.",41.06225556,-96.32451389,6400.0,6591,2.2,1067,0.47336781480350165,1067.0
6805500,151,Midwest,10,Missouri Region,"Platte River at Louisville, Nebr.",41.01497778,-96.1575,7250.0,6621,1.33,2502,0.4362841386992429,2502.0
6808500,152,Midwest,10,Missouri Region,"West Nishnabotna River at Randolph, IA",40.87327778,-95.5814444,672.0,13264,6.0,2475,1.0658452906864504,2475.0
6817000,153,Midwest,10,Missouri Region,"Nodaway River at Clarinda, IA",40.7432222,-95.0145278,236.0,13256,2.9371175141033756,3126,0.7032400876439917,3126.0
6818000,154,Midwest,10,Missouri Region,"Missouri River at St. Joseph, MO",39.75325,-94.8568333,43600.0,6632,1.3,1411,0.5945135176323042,1411.0
6819550,155,Midwest,10,Missouri Region,"Mozingo Creek near Pickering, MO",40.4311111,-94.7722222,0.54,1398,1.5150000000000001,974,0.5398154850432997,883.0
6887000,156,Midwest,10,Missouri Region,"BIG BLUE R NR MANHATTAN, KS",39.2372186,-96.5713918,618.0,6617,0.9,141,0.5178647978331465,136.0
6887500,157,Midwest,10,Missouri Region,"KANSAS R AT WAMEGO, KS",39.19833014,-96.3055532,2160.0,6600,0.51,159,0.6667758459830804,156.0
6889110,158,Midwest,10,Missouri Region,"SOLDIER CREEK NR CORNING, KS",39.6095472,-95.9760556,0.67,1678,2.6,1032,0.3526514157130758,1024.0
6894650,159,Midwest,10,Missouri Region,"Missouri River at Napoleon, MO",39.1336111,-94.0638889,50200.0,3977,1.4,851,0.5650591999933843,842.0
6899900,160,Midwest,10,Missouri Region,"Medicine Creek at Lucerne, MO",40.45444444,-93.2863889,8.035,5582,0.4,930,0.3976626634494784,930.0
6900050,161,Midwest,10,Missouri Region,"Medicine Creek near Laredo, MO",40.0266111,-93.4362222,58.8,6611,0.4,841,0.3821886399017931,841.0
6901500,162,Midwest,10,Missouri Region,"Locust Creek near Linneus, MO",39.89594444,-93.2365278,82.6,6629,0.6,699,0.3950820278252536,699.0
6934500,163,Midwest,10,Missouri Region,"Missouri River at Hermann, MO",38.70980556,-91.4385,74500.0,6628,1.8,3227,0.3233245167572507,3227.0
7055814,164,Midwest,11,Arkansas-White-Red Region,"Big Creek at Carver, AR",35.97896536,-93.0435069,35.3,201,0.09775,754,0.5302860896909536,71.0
7056515,165,Midwest,11,Arkansas-White-Red Region,"Bear Creek near Silver Hill, AR",35.94,-92.7133333,39.4,6631,0.886,1035,0.6337490860138413,1035.0
7288800,166,Other,08,Lower Mississippi Region,"YAZOO RIVER AT REDWOOD, MS",32.4873633,-90.8173251,10400.0,5524,0.8,156,0.5457682994284778,156.0
7374000,167,Other,08,Lower Mississippi Region,"Mississippi River at Baton Rouge, LA",30.44566667,-91.1915556,525000.0,6573,1.22,4816,0.4336889639093586,4763.0
8155500,168,Other,12,Texas-Gulf Region,"Barton Spgs at Austin, TX",30.26354169,-97.7713947,49.3,6632,1.5,1266,0.6786566096476951,1266.0
8170990,169,Other,12,Texas-Gulf Region,"Jacobs Well Spg nr Wimberley, TX",30.03444444,-98.1261111,2.415,6632,0.8,563,0.195365749160735,563.0
