agency_cd,site_no,station_nm,site_tp_cd,dec_lat_va,dec_long_va,coord_acy_cd,dec_coord_datum_cd,alt_va,alt_acy_va,alt_datum_cd,huc_cd,data_type_cd,parm_cd,stat_cd,ts_id,loc_web_ds,medium_grp_cd,parm_grp_cd,srs_id,access_cd,begin_date,end_date,count_nu,geometry
USGS,01487165,"BUCKS BRANCH DS OF CONRAIL RD AT CANNON, DE",ST,38.6863611,-75.6176944,1,NAD83,0.0,0.01,NAVD88,2080109.0,dv,99133,1.0,340234,,wat,,701177,0,2024-06-01,2026-04-13,682,POINT (-75.6176944 38.6863611)
USGS,01487165,"BUCKS BRANCH DS OF CONRAIL RD AT CANNON, DE",ST,38.6863611,-75.6176944,1,NAD83,0.0,0.01,NAVD88,2080109.0,dv,99133,2.0,340230,,wat,,701177,0,2024-06-01,2026-04-13,682,POINT (-75.6176944 38.6863611)
USGS,01487165,"BUCKS BRANCH DS OF CONRAIL RD AT CANNON, DE",ST,38.6863611,-75.6176944,1,NAD83,0.0,0.01,NAVD88,2080109.0,dv,99133,3.0,340218,,wat,,701177,0,2024-06-01,2026-04-13,682,POINT (-75.6176944 38.6863611)
USGS,02234600,"WEKIWA SPRINGS NEAR APOPKA, FL",SP,28.71221844,-81.45979299,S,NAD83,0.0,0.01,NGVD29,3080101.0,dv,99133,1.0,276262,,wat,,701177,0,2020-10-01,2025-06-30,1730,POINT (-81.45979299 28.71221844)
USGS,02234600,"WEKIWA SPRINGS NEAR APOPKA, FL",SP,28.71221844,-81.45979299,S,NAD83,0.0,0.01,NGVD29,3080101.0,dv,99133,2.0,276268,,wat,,701177,0,2020-10-01,2025-06-30,1730,POINT (-81.45979299 28.71221844)
USGS,02234600,"WEKIWA SPRINGS NEAR APOPKA, FL",SP,28.71221844,-81.45979299,S,NAD83,0.0,0.01,NGVD29,3080101.0,dv,99133,3.0,276256,,wat,,701177,0,2020-10-01,2025-06-30,1730,POINT (-81.45979299 28.71221844)
USGS,02234610,"ROCK SPRINGS NEAR APOPKA, FL",SP,28.75756944,-81.4968361,5,NAD83,,,,3080101.0,dv,99133,1.0,310746,,wat,,701177,0,2021-07-23,2025-06-30,1387,POINT (-81.4968361 28.75756944)
USGS,02234610,"ROCK SPRINGS NEAR APOPKA, FL",SP,28.75756944,-81.4968361,5,NAD83,,,,3080101.0,dv,99133,2.0,310743,,wat,,701177,0,2021-07-23,2025-06-30,1387,POINT (-81.4968361 28.75756944)
USGS,02234610,"ROCK SPRINGS NEAR APOPKA, FL",SP,28.75756944,-81.4968361,5,NAD83,,,,3080101.0,dv,99133,3.0,310745,,wat,,701177,0,2021-07-23,2025-06-30,1387,POINT (-81.4968361 28.75756944)
USGS,02235500,"BLUE SPRINGS NEAR ORANGE CITY, FL",SP,28.944154,-81.3397866,S,NAD83,,,,3080101.0,dv,99133,1.0,275259,,wat,,701177,0,2020-10-02,2025-06-30,1672,POINT (-81.3397866 28.944154)
USGS,02235500,"BLUE SPRINGS NEAR ORANGE CITY, FL",SP,28.944154,-81.3397866,S,NAD83,,,,3080101.0,dv,99133,2.0,275260,,wat,,701177,0,2020-10-02,2025-06-30,1672,POINT (-81.3397866 28.944154)
USGS,02235500,"BLUE SPRINGS NEAR ORANGE CITY, FL",SP,28.944154,-81.3397866,S,NAD83,,,,3080101.0,dv,99133,3.0,275258,,wat,,701177,0,2020-10-02,2025-06-30,1672,POINT (-81.3397866 28.944154)
USGS,02239501,"SILVER RIVER NEAR OCALA, FL",ST,29.2149764,-82.0412,S,NAD83,,,,3080102.0,dv,99133,1.0,275322,,wat,,701177,0,2020-09-24,2025-06-30,1723,POINT (-82.0412 29.2149764)
USGS,02239501,"SILVER RIVER NEAR OCALA, FL",ST,29.2149764,-82.0412,S,NAD83,,,,3080102.0,dv,99133,2.0,275323,,wat,,701177,0,2020-09-24,2025-06-30,1723,POINT (-82.0412 29.2149764)
USGS,02239501,"SILVER RIVER NEAR OCALA, FL",ST,29.2149764,-82.0412,S,NAD83,,,,3080102.0,dv,99133,3.0,275324,,wat,,701177,0,2020-09-24,2025-06-30,1723,POINT (-82.0412 29.2149764)
USGS,02248350,"TURNBULL CREEK NR OAK HILL, FL",ST,28.82106816,-80.8597897,S,NAD83,,,,3080202.0,dv,99133,1.0,23021,,wat,,701177,0,2015-11-25,2016-09-16,133,POINT (-80.8597897 28.82106816)
USGS,02248350,"TURNBULL CREEK NR OAK HILL, FL",ST,28.82106816,-80.8597897,S,NAD83,,,,3080202.0,dv,99133,2.0,23022,,wat,,701177,0,2015-11-25,2016-09-15,132,POINT (-80.8597897 28.82106816)
USGS,02248350,"TURNBULL CREEK NR OAK HILL, FL",ST,28.82106816,-80.8597897,S,NAD83,,,,3080202.0,dv,99133,3.0,23023,,wat,,701177,0,2015-11-25,2016-09-15,131,POINT (-80.8597897 28.82106816)
USGS,02248365,"BIG FLOUNDER CREEK NEAR SCOTTSMOOR, FL",ST,28.7553611,-80.8461111,S,NAD83,,,,3080202.0,dv,99133,1.0,23027,,wat,,701177,0,2015-07-07,2016-09-29,288,POINT (-80.8461111 28.7553611)
USGS,02248365,"BIG FLOUNDER CREEK NEAR SCOTTSMOOR, FL",ST,28.7553611,-80.8461111,S,NAD83,,,,3080202.0,dv,99133,2.0,23028,,wat,,701177,0,2015-07-07,2016-09-29,288,POINT (-80.8461111 28.7553611)
USGS,02248365,"BIG FLOUNDER CREEK NEAR SCOTTSMOOR, FL",ST,28.7553611,-80.8461111,S,NAD83,,,,3080202.0,dv,99133,3.0,23029,,wat,,701177,0,2015-07-07,2016-09-29,288,POINT (-80.8461111 28.7553611)
USGS,02248380,"HAULOVER CANAL NEAR MIMS,FL",ST,28.73638079,-80.754773,S,NAD83,,,,3080202.0,dv,99133,1.0,23033,,wat,,701177,0,2014-08-30,2016-09-30,427,POINT (-80.754773 28.73638079)
USGS,02248380,"HAULOVER CANAL NEAR MIMS,FL",ST,28.73638079,-80.754773,S,NAD83,,,,3080202.0,dv,99133,2.0,23034,,wat,,701177,0,2014-08-30,2016-09-30,427,POINT (-80.754773 28.73638079)
USGS,02248380,"HAULOVER CANAL NEAR MIMS,FL",ST,28.73638079,-80.754773,S,NAD83,,,,3080202.0,dv,99133,3.0,23035,,wat,,701177,0,2014-08-30,2016-09-30,427,POINT (-80.754773 28.73638079)
USGS,02248600,"DRAINAGE CANAL AT PLAZA PKWY AT COCOA, FL",ST-CA,28.36875277,-80.7372679,S,NAD83,,,,3080101.0,dv,99133,1.0,23047,,wat,,701177,0,2014-08-01,2016-09-30,442,POINT (-80.7372679 28.36875277)
USGS,02248600,"DRAINAGE CANAL AT PLAZA PKWY AT COCOA, FL",ST-CA,28.36875277,-80.7372679,S,NAD83,,,,3080101.0,dv,99133,2.0,23048,,wat,,701177,0,2014-08-01,2016-09-30,442,POINT (-80.7372679 28.36875277)
USGS,02248600,"DRAINAGE CANAL AT PLAZA PKWY AT COCOA, FL",ST-CA,28.36875277,-80.7372679,S,NAD83,,,,3080101.0,dv,99133,3.0,23049,,wat,,701177,0,2014-08-01,2016-09-30,442,POINT (-80.7372679 28.36875277)
USGS,02249500,"CRANE CREEK AT MELBOURNE, FL",ST,28.079167,-80.629722,S,NAD83,0.0,0.1,NGVD29,30802020302.0,dv,99133,1.0,23065,,wat,,701177,0,2014-12-18,2016-09-13,545,POINT (-80.629722 28.079167)
USGS,02249500,"CRANE CREEK AT MELBOURNE, FL",ST,28.079167,-80.629722,S,NAD83,0.0,0.1,NGVD29,30802020302.0,dv,99133,2.0,23066,,wat,,701177,0,2014-12-18,2016-09-13,544,POINT (-80.629722 28.079167)
USGS,02249500,"CRANE CREEK AT MELBOURNE, FL",ST,28.079167,-80.629722,S,NAD83,0.0,0.1,NGVD29,30802020302.0,dv,99133,3.0,23067,,wat,,701177,0,2014-12-18,2016-09-12,543,POINT (-80.629722 28.079167)
USGS,02250030,"TURKEY CREEK AT PALM BAY, FL",ST-TS,28.01724054,-80.59588719,S,NAD83,-5.0,2.5,NGVD29,3080202.0,dv,99133,1.0,23086,,wat,,701177,0,2014-05-29,2016-08-08,582,POINT (-80.59588719 28.01724054)
USGS,02250030,"TURKEY CREEK AT PALM BAY, FL",ST-TS,28.01724054,-80.59588719,S,NAD83,-5.0,2.5,NGVD29,3080202.0,dv,99133,2.0,23087,,wat,,701177,0,2014-05-29,2016-08-08,581,POINT (-80.59588719 28.01724054)
USGS,02250030,"TURKEY CREEK AT PALM BAY, FL",ST-TS,28.01724054,-80.59588719,S,NAD83,-5.0,2.5,NGVD29,3080202.0,dv,99133,3.0,23088,,wat,,701177,0,2014-05-29,2016-08-08,581,POINT (-80.59588719 28.01724054)
USGS,02251767,"FELLSMERE CANAL NEAR MICCO, FL",ST,27.83058119,-80.5342203,S,NAD83,,,,3080203.0,dv,99133,1.0,173248,,wat,,701177,0,2015-05-27,2016-09-30,287,POINT (-80.5342203 27.83058119)
USGS,02251767,"FELLSMERE CANAL NEAR MICCO, FL",ST,27.83058119,-80.5342203,S,NAD83,,,,3080203.0,dv,99133,2.0,173247,,wat,,701177,0,2015-05-27,2016-09-30,287,POINT (-80.5342203 27.83058119)
USGS,02251767,"FELLSMERE CANAL NEAR MICCO, FL",ST,27.83058119,-80.5342203,S,NAD83,,,,3080203.0,dv,99133,3.0,173318,,wat,,701177,0,2015-05-27,2016-09-30,287,POINT (-80.5342203 27.83058119)
USGS,02253000,"MAIN CANAL AT VERO BEACH, FL",ST,27.64780983,-80.405607,S,NAD83,,,,3080203.0,dv,99133,1.0,23123,,wat,,701177,0,2014-09-16,2016-09-29,536,POINT (-80.405607 27.64780983)
USGS,02253000,"MAIN CANAL AT VERO BEACH, FL",ST,27.64780983,-80.405607,S,NAD83,,,,3080203.0,dv,99133,2.0,23124,,wat,,701177,0,2014-09-16,2016-09-29,537,POINT (-80.405607 27.64780983)
USGS,02253000,"MAIN CANAL AT VERO BEACH, FL",ST,27.64780983,-80.405607,S,NAD83,,,,3080203.0,dv,99133,3.0,23125,,wat,,701177,0,2014-09-16,2016-09-29,536,POINT (-80.405607 27.64780983)
USGS,02258800,"INDIAN PRAIRIE CANAL AB PUMP STA NR OKEECHOBEE, FL",ST-CA,27.15438056,-81.0699806,S,NAD83,,,,3090103.0,dv,99133,1.0,259405,,wat,,701177,0,2018-09-27,2025-12-02,2248,POINT (-81.0699806 27.15438056)
USGS,02258800,"INDIAN PRAIRIE CANAL AB PUMP STA NR OKEECHOBEE, FL",ST-CA,27.15438056,-81.0699806,S,NAD83,,,,3090103.0,dv,99133,2.0,259406,,wat,,701177,0,2018-09-27,2025-12-02,2248,POINT (-81.0699806 27.15438056)
USGS,02258800,"INDIAN PRAIRIE CANAL AB PUMP STA NR OKEECHOBEE, FL",ST-CA,27.15438056,-81.0699806,S,NAD83,,,,3090103.0,dv,99133,3.0,259407,,wat,,701177,0,2018-09-27,2025-12-02,2248,POINT (-81.0699806 27.15438056)
USGS,02289035,"THREE MILE CANAL BELOW G409 NEAR CLEWISTON, FL",ST-CA,26.327194,-80.881611,U,NAD83,,,,30902020900.0,dv,99133,3.0,23781,,wat,,701177,0,2013-09-30,2025-12-10,3739,POINT (-80.881611 26.327194)
USGS,02292900,"CALOOSAHATCHEE RIVER AT S-79, NR.OLGA, FLA",ST,26.72173357,-81.69318057,S,NAD83,-1.4,0.05,NAVD88,30902050408.0,dv,99133,1.0,171017,UPSTREAM,wat,,701177,0,2014-12-23,2025-12-09,3853,POINT (-81.69318057 26.72173357)
USGS,02292900,"CALOOSAHATCHEE RIVER AT S-79, NR.OLGA, FLA",ST,26.72173357,-81.69318057,S,NAD83,-1.4,0.05,NAVD88,30902050408.0,dv,99133,2.0,324431,UPSTREAM,wat,,701177,0,2014-12-23,2025-12-09,3853,POINT (-81.69318057 26.72173357)
USGS,02292900,"CALOOSAHATCHEE RIVER AT S-79, NR.OLGA, FLA",ST,26.72173357,-81.69318057,S,NAD83,-1.4,0.05,NAVD88,30902050408.0,dv,99133,3.0,171018,UPSTREAM,wat,,701177,0,2014-12-23,2025-12-09,3853,POINT (-81.69318057 26.72173357)
USGS,02310650,CHASSAHOWITZKA RIVER NEAR HOMOSASSA FL,ST-TS,28.71527923,-82.57681407,F,NAD83,0.0,0.1,NGVD29,31002070204.0,dv,99133,1.0,25966,,wat,,701177,0,2015-09-29,2021-03-02,1730,POINT (-82.57681407 28.71527923)
USGS,02310650,CHASSAHOWITZKA RIVER NEAR HOMOSASSA FL,ST-TS,28.71527923,-82.57681407,F,NAD83,0.0,0.1,NGVD29,31002070204.0,dv,99133,2.0,25967,,wat,,701177,0,2015-09-29,2021-03-02,1714,POINT (-82.57681407 28.71527923)
USGS,02310650,CHASSAHOWITZKA RIVER NEAR HOMOSASSA FL,ST-TS,28.71527923,-82.57681407,F,NAD83,0.0,0.1,NGVD29,31002070204.0,dv,99133,3.0,25968,,wat,,701177,0,2015-09-29,2021-03-02,1721,POINT (-82.57681407 28.71527923)
USGS,02310678,HOMOSASSA SPRINGS AT HOMOSASSA SPRINGS FL,SP,28.79972101,-82.58875875,F,NAD83,-2.99,0.01,NAVD88,31002070104.0,dv,99133,1.0,26035,,wat,,701177,0,2015-09-29,2021-07-10,1807,POINT (-82.58875875 28.79972101)
USGS,02310678,HOMOSASSA SPRINGS AT HOMOSASSA SPRINGS FL,SP,28.79972101,-82.58875875,F,NAD83,-2.99,0.01,NAVD88,31002070104.0,dv,99133,2.0,26036,,wat,,701177,0,2015-09-29,2021-07-10,1807,POINT (-82.58875875 28.79972101)
USGS,02310678,HOMOSASSA SPRINGS AT HOMOSASSA SPRINGS FL,SP,28.79972101,-82.58875875,F,NAD83,-2.99,0.01,NAVD88,31002070104.0,dv,99133,3.0,26037,,wat,,701177,0,2015-09-29,2021-07-10,1807,POINT (-82.58875875 28.79972101)
USGS,02310743,HUNTER SPR RUN AT BEACH LANE AT CRYSTAL RIVER FL,ES,28.89471801,-82.5932032,F,NAD83,0.0,0.1,NAVD88,31002070102.0,dv,99133,1.0,167767,,wat,,701177,0,2017-01-27,2021-10-11,1543,POINT (-82.5932032 28.89471801)
USGS,02310743,HUNTER SPR RUN AT BEACH LANE AT CRYSTAL RIVER FL,ES,28.89471801,-82.5932032,F,NAD83,0.0,0.1,NAVD88,31002070102.0,dv,99133,2.0,167768,,wat,,701177,0,2017-01-27,2021-10-11,1543,POINT (-82.5932032 28.89471801)
USGS,02310743,HUNTER SPR RUN AT BEACH LANE AT CRYSTAL RIVER FL,ES,28.89471801,-82.5932032,F,NAD83,0.0,0.1,NAVD88,31002070102.0,dv,99133,3.0,167769,,wat,,701177,0,2017-01-27,2021-10-11,1542,POINT (-82.5932032 28.89471801)
USGS,02313098,"RAINBOW RIVER NEAR DUNNELLON, FL",ST,29.07130556,-82.42661111,5,NAD83,22.72,0.01,NAVD88,31002081101.0,dv,99133,1.0,324583,,wat,,701177,0,2015-10-09,2021-03-02,1806,POINT (-82.42661111 29.07130556)
USGS,02313098,"RAINBOW RIVER NEAR DUNNELLON, FL",ST,29.07130556,-82.42661111,5,NAD83,22.72,0.01,NAVD88,31002081101.0,dv,99133,2.0,26290,,wat,,701177,0,2015-10-09,2021-03-02,1806,POINT (-82.42661111 29.07130556)
USGS,02313098,"RAINBOW RIVER NEAR DUNNELLON, FL",ST,29.07130556,-82.42661111,5,NAD83,22.72,0.01,NAVD88,31002081101.0,dv,99133,3.0,26291,,wat,,701177,0,2015-10-09,2021-03-02,1806,POINT (-82.42661111 29.07130556)
USGS,02313100,"RAINBOW RIVER AT DUNNELLON, FL",ST,29.04943524,-82.44764329,S,NAD83,23.47,0.02,NAVD88,31002081101.0,dv,99133,1.0,26295,,wat,,701177,0,2015-10-06,2021-10-18,2050,POINT (-82.44764329 29.04943524)
USGS,02313100,"RAINBOW RIVER AT DUNNELLON, FL",ST,29.04943524,-82.44764329,S,NAD83,23.47,0.02,NAVD88,31002081101.0,dv,99133,2.0,26296,,wat,,701177,0,2015-10-06,2021-10-18,2050,POINT (-82.44764329 29.04943524)
USGS,02313100,"RAINBOW RIVER AT DUNNELLON, FL",ST,29.04943524,-82.44764329,S,NAD83,23.47,0.02,NAVD88,31002081101.0,dv,99133,3.0,26297,,wat,,701177,0,2015-10-06,2021-10-18,2050,POINT (-82.44764329 29.04943524)
USGS,02315626,"ALAPAHA RISE ABOVE SW 68TH DRIVE NEAR JASPER, FL",ST,30.43944444,-83.0892778,5,NAD83,0.0,1.0,NAVD88,3110201.0,dv,99133,1.0,26414,,wat,,701177,0,2015-06-18,2016-09-30,463,POINT (-83.0892778 30.43944444)
USGS,02315626,"ALAPAHA RISE ABOVE SW 68TH DRIVE NEAR JASPER, FL",ST,30.43944444,-83.0892778,5,NAD83,0.0,1.0,NAVD88,3110201.0,dv,99133,2.0,26415,,wat,,701177,0,2015-06-18,2016-09-30,463,POINT (-83.0892778 30.43944444)
USGS,02315626,"ALAPAHA RISE ABOVE SW 68TH DRIVE NEAR JASPER, FL",ST,30.43944444,-83.0892778,5,NAD83,0.0,1.0,NAVD88,3110201.0,dv,99133,3.0,26416,,wat,,701177,0,2015-06-18,2016-09-30,463,POINT (-83.0892778 30.43944444)
USGS,02319302,"MADISON BLUE SPRING NR BLUE SPRINGS, FL",SP,30.48049106,-83.2443097,F,NAD83,48.0,15.0,NGVD29,3110203.0,dv,99133,1.0,172615,,wat,,701177,0,2014-07-09,2025-07-10,2485,POINT (-83.2443097 30.48049106)
USGS,02319302,"MADISON BLUE SPRING NR BLUE SPRINGS, FL",SP,30.48049106,-83.2443097,F,NAD83,48.0,15.0,NGVD29,3110203.0,dv,99133,2.0,172616,,wat,,701177,0,2014-07-09,2025-07-10,2485,POINT (-83.2443097 30.48049106)
USGS,02319302,"MADISON BLUE SPRING NR BLUE SPRINGS, FL",SP,30.48049106,-83.2443097,F,NAD83,48.0,15.0,NGVD29,3110203.0,dv,99133,3.0,172617,,wat,,701177,0,2014-07-09,2025-07-10,2485,POINT (-83.2443097 30.48049106)
USGS,02319520,"FALMOUTH SPRING AT FALMOUTH, FL",SP,30.36132999,-83.1351374,F,NAD83,45.0,10.0,NGVD29,3110205.0,dv,99133,1.0,26469,,wat,,701177,0,2015-09-25,2025-07-29,2553,POINT (-83.1351374 30.36132999)
USGS,02319520,"FALMOUTH SPRING AT FALMOUTH, FL",SP,30.36132999,-83.1351374,F,NAD83,45.0,10.0,NGVD29,3110205.0,dv,99133,2.0,26470,,wat,,701177,0,2015-09-25,2025-07-29,2553,POINT (-83.1351374 30.36132999)
USGS,02319520,"FALMOUTH SPRING AT FALMOUTH, FL",SP,30.36132999,-83.1351374,F,NAD83,45.0,10.0,NGVD29,3110205.0,dv,99133,3.0,26471,,wat,,701177,0,2015-09-25,2025-07-29,2553,POINT (-83.1351374 30.36132999)
USGS,02319950,"BLUE SPRINGS NEAR DELL,FL",SP,30.12572778,-83.2271694,1,NAD83,24.0,1.6,NAVD88,3110205.0,dv,99133,1.0,26491,,wat,,701177,0,2015-08-12,2025-07-08,2483,POINT (-83.2271694 30.12572778)
USGS,02319950,"BLUE SPRINGS NEAR DELL,FL",SP,30.12572778,-83.2271694,1,NAD83,24.0,1.6,NAVD88,3110205.0,dv,99133,2.0,26492,,wat,,701177,0,2015-08-12,2025-07-08,2483,POINT (-83.2271694 30.12572778)
USGS,02319950,"BLUE SPRINGS NEAR DELL,FL",SP,30.12572778,-83.2271694,1,NAD83,24.0,1.6,NAVD88,3110205.0,dv,99133,3.0,26493,,wat,,701177,0,2015-08-12,2025-07-08,2483,POINT (-83.2271694 30.12572778)
USGS,02320250,TROY SPRING NEAR BRANFORD FLA,SP,30.0060733,-82.99738012,F,NAD83,15.0,5.0,NGVD29,31102050405.0,dv,99133,1.0,26515,,wat,,701177,0,2014-07-03,2025-07-15,2409,POINT (-82.99738012 30.0060733)
USGS,02320250,TROY SPRING NEAR BRANFORD FLA,SP,30.0060733,-82.99738012,F,NAD83,15.0,5.0,NGVD29,31102050405.0,dv,99133,2.0,26516,,wat,,701177,0,2014-07-03,2025-07-15,2409,POINT (-82.99738012 30.0060733)
USGS,02320250,TROY SPRING NEAR BRANFORD FLA,SP,30.0060733,-82.99738012,F,NAD83,15.0,5.0,NGVD29,31102050405.0,dv,99133,3.0,26517,,wat,,701177,0,2014-07-03,2025-07-15,2409,POINT (-82.99738012 30.0060733)
USGS,02322400,GINNIE SPRING NR HIGH SPRINGS FLA,SP,29.83607809,-82.7001495,S,NAD83,,,,3110206.0,dv,99133,1.0,260189,,wat,,701177,0,2018-12-14,2025-07-13,2094,POINT (-82.7001495 29.83607809)
USGS,02322400,GINNIE SPRING NR HIGH SPRINGS FLA,SP,29.83607809,-82.7001495,S,NAD83,,,,3110206.0,dv,99133,2.0,260192,,wat,,701177,0,2018-12-14,2025-07-13,2094,POINT (-82.7001495 29.83607809)
USGS,02322400,GINNIE SPRING NR HIGH SPRINGS FLA,SP,29.83607809,-82.7001495,S,NAD83,,,,3110206.0,dv,99133,3.0,260191,,wat,,701177,0,2018-12-14,2025-07-13,2094,POINT (-82.7001495 29.83607809)
USGS,02322688,"BLUE HOLE SPRING NR HILDRETH, FL",SP,29.9799552,-82.758457,S,NAD83,20.31,0.01,NGVD29,3110206.0,dv,99133,1.0,26604,,wat,,701177,0,2014-07-02,2021-10-26,2174,POINT (-82.758457 29.9799552)
USGS,02322688,"BLUE HOLE SPRING NR HILDRETH, FL",SP,29.9799552,-82.758457,S,NAD83,20.31,0.01,NGVD29,3110206.0,dv,99133,2.0,26605,,wat,,701177,0,2014-07-02,2021-10-26,2173,POINT (-82.758457 29.9799552)
USGS,02322688,"BLUE HOLE SPRING NR HILDRETH, FL",SP,29.9799552,-82.758457,S,NAD83,20.31,0.01,NGVD29,3110206.0,dv,99133,3.0,324600,,wat,,701177,0,2014-07-02,2021-10-26,2174,POINT (-82.758457 29.9799552)
USGS,02322700,"ICHETUCKNEE R @ HWY27 NR HILDRETH, FL",ST,29.95273288,-82.7859573,F,NAD83,0.0,5.0,NGVD29,3110206.0,dv,99133,1.0,165829,,wat,,701177,0,2016-11-16,2025-07-13,2766,POINT (-82.7859573 29.95273288)
USGS,02322700,"ICHETUCKNEE R @ HWY27 NR HILDRETH, FL",ST,29.95273288,-82.7859573,F,NAD83,0.0,5.0,NGVD29,3110206.0,dv,99133,2.0,165830,,wat,,701177,0,2016-11-16,2025-07-13,2766,POINT (-82.7859573 29.95273288)
USGS,02322700,"ICHETUCKNEE R @ HWY27 NR HILDRETH, FL",ST,29.95273288,-82.7859573,F,NAD83,0.0,5.0,NGVD29,3110206.0,dv,99133,3.0,165831,,wat,,701177,0,2016-11-16,2025-07-13,2767,POINT (-82.7859573 29.95273288)
USGS,02322800,SANTA FE RIVER NR HILDRETH FLA,ST,29.91162076,-82.8604033,S,NAD83,3.5,0.1,NGVD29,3110206.0,dv,99133,1.0,26625,,wat,,701177,0,2013-07-10,2016-09-30,981,POINT (-82.8604033 29.91162076)
USGS,02322800,SANTA FE RIVER NR HILDRETH FLA,ST,29.91162076,-82.8604033,S,NAD83,3.5,0.1,NGVD29,3110206.0,dv,99133,2.0,324605,,wat,,701177,0,2013-07-10,2016-09-30,981,POINT (-82.8604033 29.91162076)
USGS,02322800,SANTA FE RIVER NR HILDRETH FLA,ST,29.91162076,-82.8604033,S,NAD83,3.5,0.1,NGVD29,3110206.0,dv,99133,3.0,26627,,wat,,701177,0,2012-09-27,2016-09-30,1169,POINT (-82.8604033 29.91162076)
USGS,02323502,FANNING SPRINGS NR WILCOX FLA,SP,29.5891247,-82.9331797,S,NAD83,,,,3110205.0,dv,99133,1.0,324617,,wat,,701177,0,2014-07-03,2025-07-08,2867,POINT (-82.9331797 29.5891247)
USGS,02323502,FANNING SPRINGS NR WILCOX FLA,SP,29.5891247,-82.9331797,S,NAD83,,,,3110205.0,dv,99133,2.0,324618,,wat,,701177,0,2014-07-03,2025-07-08,2867,POINT (-82.9331797 29.5891247)
USGS,02323502,FANNING SPRINGS NR WILCOX FLA,SP,29.5891247,-82.9331797,S,NAD83,,,,3110205.0,dv,99133,3.0,324616,,wat,,701177,0,2014-07-03,2025-07-08,2867,POINT (-82.9331797 29.5891247)
USGS,02323566,MANATEE SPRING NR CHIEFLAND FLA,SP,29.4896808,-82.976791,S,NAD83,,,,3110205.0,dv,99133,1.0,172498,,wat,,701177,0,2014-07-02,2025-07-14,3583,POINT (-82.976791 29.4896808)
USGS,02323566,MANATEE SPRING NR CHIEFLAND FLA,SP,29.4896808,-82.976791,S,NAD83,,,,3110205.0,dv,99133,2.0,172500,,wat,,701177,0,2014-07-02,2025-07-14,3584,POINT (-82.976791 29.4896808)
USGS,02323566,MANATEE SPRING NR CHIEFLAND FLA,SP,29.4896808,-82.976791,S,NAD83,,,,3110205.0,dv,99133,3.0,172499,,wat,,701177,0,2014-07-02,2025-07-14,3583,POINT (-82.976791 29.4896808)
USGS,02326516,"WACISSA RIVER AT THOMAS SPRING NEAR WACISSA, FL",ST,30.3397222,-83.9923333,S,NAD83,,,,3110103.0,dv,99133,1.0,317204,,wat,,701177,0,2020-11-25,2025-06-30,1617,POINT (-83.9923333 30.3397222)
USGS,02326516,"WACISSA RIVER AT THOMAS SPRING NEAR WACISSA, FL",ST,30.3397222,-83.9923333,S,NAD83,,,,3110103.0,dv,99133,2.0,317205,,wat,,701177,0,2020-11-25,2025-06-30,1617,POINT (-83.9923333 30.3397222)
USGS,02326516,"WACISSA RIVER AT THOMAS SPRING NEAR WACISSA, FL",ST,30.3397222,-83.9923333,S,NAD83,,,,3110103.0,dv,99133,3.0,317203,,wat,,701177,0,2020-11-25,2025-06-30,1617,POINT (-83.9923333 30.3397222)
USGS,02326526,WACISSA RIVER NR WACISSA FLA,ST,30.3013159,-83.9796085,S,NAD83,,,,3110103.0,dv,99133,1.0,165788,,wat,,701177,0,2016-02-16,2025-07-30,2772,POINT (-83.9796085 30.3013159)
USGS,02326526,WACISSA RIVER NR WACISSA FLA,ST,30.3013159,-83.9796085,S,NAD83,,,,3110103.0,dv,99133,2.0,165789,,wat,,701177,0,2016-02-16,2025-07-30,2772,POINT (-83.9796085 30.3013159)
USGS,02326526,WACISSA RIVER NR WACISSA FLA,ST,30.3013159,-83.9796085,S,NAD83,,,,3110103.0,dv,99133,3.0,165790,,wat,,701177,0,2016-02-16,2025-07-30,2772,POINT (-83.9796085 30.3013159)
USGS,02327000,"WAKULLA SPRING NR CRAWFORDVILLE, FL",SP,30.23492447,-84.30128689,S,NAD83,,,,3120001.0,dv,99133,1.0,167678,,wat,,701177,0,2017-01-28,2025-07-06,3009,POINT (-84.30128689 30.23492447)
USGS,02327000,"WAKULLA SPRING NR CRAWFORDVILLE, FL",SP,30.23492447,-84.30128689,S,NAD83,,,,3120001.0,dv,99133,2.0,167679,,wat,,701177,0,2017-01-28,2025-07-06,3009,POINT (-84.30128689 30.23492447)
USGS,02327000,"WAKULLA SPRING NR CRAWFORDVILLE, FL",SP,30.23492447,-84.30128689,S,NAD83,,,,3120001.0,dv,99133,3.0,167680,,wat,,701177,0,2017-01-28,2025-07-06,3009,POINT (-84.30128689 30.23492447)
USGS,02358795,"JACKSON BLUE SPRING NR MARIANNA, FL",SP,30.79046943,-85.1407611,S,NAD83,,,,3130012.0,dv,99133,1.0,167317,,wat,,701177,0,2017-06-29,2025-07-02,2529,POINT (-85.1407611 30.79046943)
USGS,02358795,"JACKSON BLUE SPRING NR MARIANNA, FL",SP,30.79046943,-85.1407611,S,NAD83,,,,3130012.0,dv,99133,2.0,167318,,wat,,701177,0,2017-06-29,2025-07-02,2529,POINT (-85.1407611 30.79046943)
USGS,02358795,"JACKSON BLUE SPRING NR MARIANNA, FL",SP,30.79046943,-85.1407611,S,NAD83,,,,3130012.0,dv,99133,3.0,167319,,wat,,701177,0,2017-06-29,2025-07-02,2529,POINT (-85.1407611 30.79046943)
USGS,13093692,NIAGARA SPRINGS AT DIV NO.2 NR BUHL ID,SP,42.6643497,-114.6747698,F,NAD83,,,,17040212.0,dv,99133,8.0,298989,,wat,,701177,0,2021-06-10,2024-01-07,787,POINT (-114.6747698 42.6643497)
USGS,03336890,"SPOON RIVER NEAR ST. JOSEPH, IL",ST,40.16419444,-88.0275,F,NAD83,650.0,0.04,NAVD88,5120109.0,dv,99133,1.0,48093,,wat,,701177,0,2013-05-25,2026-04-13,3475,POINT (-88.0275 40.16419444)
USGS,03336890,"SPOON RIVER NEAR ST. JOSEPH, IL",ST,40.16419444,-88.0275,F,NAD83,650.0,0.04,NAVD88,5120109.0,dv,99133,2.0,48094,,wat,,701177,0,2013-05-25,2026-04-13,3475,POINT (-88.0275 40.16419444)
USGS,03336890,"SPOON RIVER NEAR ST. JOSEPH, IL",ST,40.16419444,-88.0275,F,NAD83,650.0,0.04,NAVD88,5120109.0,dv,99133,3.0,48095,,wat,,701177,0,2013-05-25,2026-04-13,3474,POINT (-88.0275 40.16419444)
USGS,03338780,"NORTH FORK VERMILION RIVER NEAR BISMARCK, IL",ST,40.26566667,-87.64213889,F,NAD83,599.97,0.01,NAVD88,5120109.0,dv,99133,1.0,274397,,wat,,701177,0,2020-09-12,2026-04-13,1947,POINT (-87.64213889 40.26566667)
USGS,03338780,"NORTH FORK VERMILION RIVER NEAR BISMARCK, IL",ST,40.26566667,-87.64213889,F,NAD83,599.97,0.01,NAVD88,5120109.0,dv,99133,3.0,274396,,wat,,701177,0,2020-09-12,2026-04-13,1947,POINT (-87.64213889 40.26566667)
USGS,03339000,"VERMILION RIVER NEAR DANVILLE, IL",ST,40.1010833,-87.5976111,F,NAD83,503.72,0.01,NAVD88,5120109.0,dv,99133,1.0,48121,,wat,,701177,0,2014-12-18,2026-04-13,3365,POINT (-87.5976111 40.1010833)
USGS,03339000,"VERMILION RIVER NEAR DANVILLE, IL",ST,40.1010833,-87.5976111,F,NAD83,503.72,0.01,NAVD88,5120109.0,dv,99133,1.0,344630,(NT3100),wat,,701177,0,2023-12-19,2024-10-03,288,POINT (-87.5976111 40.1010833)
USGS,03339000,"VERMILION RIVER NEAR DANVILLE, IL",ST,40.1010833,-87.5976111,F,NAD83,503.72,0.01,NAVD88,5120109.0,dv,99133,2.0,48122,,wat,,701177,0,2014-12-18,2026-04-13,3365,POINT (-87.5976111 40.1010833)
USGS,03339000,"VERMILION RIVER NEAR DANVILLE, IL",ST,40.1010833,-87.5976111,F,NAD83,503.72,0.01,NAVD88,5120109.0,dv,99133,2.0,344631,(NT3100),wat,,701177,0,2023-12-19,2024-10-03,288,POINT (-87.5976111 40.1010833)
USGS,03339000,"VERMILION RIVER NEAR DANVILLE, IL",ST,40.1010833,-87.5976111,F,NAD83,503.72,0.01,NAVD88,5120109.0,dv,99133,3.0,48123,,wat,,701177,0,2014-12-18,2026-04-13,3364,POINT (-87.5976111 40.1010833)
USGS,03339000,"VERMILION RIVER NEAR DANVILLE, IL",ST,40.1010833,-87.5976111,F,NAD83,503.72,0.01,NAVD88,5120109.0,dv,99133,3.0,344629,(NT3100),wat,,701177,0,2023-12-19,2024-10-03,288,POINT (-87.5976111 40.1010833)
USGS,03343820,"KICKAPOO CREEK AT 1320E ROAD NR CHARLESTON, IL",ST,39.465,-88.2302778,S,NAD83,598.4,0.1,NAVD88,5120112.0,dv,99133,1.0,48145,,wat,,701177,0,2013-05-24,2016-10-14,846,POINT (-88.2302778 39.465)
USGS,03343820,"KICKAPOO CREEK AT 1320E ROAD NR CHARLESTON, IL",ST,39.465,-88.2302778,S,NAD83,598.4,0.1,NAVD88,5120112.0,dv,99133,2.0,48146,,wat,,701177,0,2013-05-23,2016-10-14,848,POINT (-88.2302778 39.465)
USGS,03343820,"KICKAPOO CREEK AT 1320E ROAD NR CHARLESTON, IL",ST,39.465,-88.2302778,S,NAD83,598.4,0.1,NAVD88,5120112.0,dv,99133,3.0,48147,,wat,,701177,0,2013-05-24,2016-10-14,841,POINT (-88.2302778 39.465)
USGS,03346500,"EMBARRAS RIVER AT LAWRENCEVILLE, IL",ST,38.72380556,-87.6643611,F,NAD83,382.24,0.01,NAVD88,5120112.0,dv,99133,1.0,48171,,wat,,701177,0,2015-09-11,2026-04-13,3243,POINT (-87.6643611 38.72380556)
USGS,03346500,"EMBARRAS RIVER AT LAWRENCEVILLE, IL",ST,38.72380556,-87.6643611,F,NAD83,382.24,0.01,NAVD88,5120112.0,dv,99133,2.0,48172,,wat,,701177,0,2015-09-11,2026-04-13,3242,POINT (-87.6643611 38.72380556)
USGS,03346500,"EMBARRAS RIVER AT LAWRENCEVILLE, IL",ST,38.72380556,-87.6643611,F,NAD83,382.24,0.01,NAVD88,5120112.0,dv,99133,3.0,48173,,wat,,701177,0,2015-09-11,2026-04-13,3241,POINT (-87.6643611 38.72380556)
USGS,03381495,"LITTLE WABASH RIVER AT MAIN ST AT CARMI, IL",ST,38.0922222,-88.1561111,F,NAD83,339.72,0.07,NAVD88,5120114.0,dv,99133,1.0,48222,,wat,,701177,0,2015-09-12,2023-03-09,1445,POINT (-88.1561111 38.0922222)
USGS,03381495,"LITTLE WABASH RIVER AT MAIN ST AT CARMI, IL",ST,38.0922222,-88.1561111,F,NAD83,339.72,0.07,NAVD88,5120114.0,dv,99133,2.0,48223,,wat,,701177,0,2015-09-12,2023-03-09,1443,POINT (-88.1561111 38.0922222)
USGS,03381495,"LITTLE WABASH RIVER AT MAIN ST AT CARMI, IL",ST,38.0922222,-88.1561111,F,NAD83,339.72,0.07,NAVD88,5120114.0,dv,99133,3.0,48224,,wat,,701177,0,2015-09-12,2023-03-09,1443,POINT (-88.1561111 38.0922222)
USGS,03381500,"LITTLE WABASH RIVER AT CARMI, IL",ST,38.06055556,-88.1572222,F,NAD83,339.72,0.07,NAVD88,5120114.0,dv,99133,1.0,322680,,wat,,701177,0,2023-03-11,2026-04-13,839,POINT (-88.1572222 38.06055556)
USGS,03381500,"LITTLE WABASH RIVER AT CARMI, IL",ST,38.06055556,-88.1572222,F,NAD83,339.72,0.07,NAVD88,5120114.0,dv,99133,2.0,322681,,wat,,701177,0,2023-03-11,2026-04-13,839,POINT (-88.1572222 38.06055556)
USGS,03381500,"LITTLE WABASH RIVER AT CARMI, IL",ST,38.06055556,-88.1572222,F,NAD83,339.72,0.07,NAVD88,5120114.0,dv,99133,3.0,322683,,wat,,701177,0,2023-03-11,2026-04-12,838,POINT (-88.1572222 38.06055556)
USGS,03612600,"OHIO RIVER AT OLMSTED, IL",ST,37.17921867,-89.058404,U,NAD83,278.13,0.15,NAVD88,5140206.0,dv,99133,3.0,169151,,wat,,701177,0,2013-06-18,2026-04-12,1987,POINT (-89.058404 37.17921867)
USGS,05420400,"MISSISSIPPI RIVER AT DAM 13 NEAR FULTON, IL",ST,41.8944725,-90.156793,1,NAD83,567.84,0.28,NAVD88,7080101.0,dv,99133,3.0,325222,,wat,,701177,0,2021-11-25,2026-04-13,1381,POINT (-90.156793 41.8944725)
USGS,05446500,"ROCK RIVER NEAR JOSLIN, IL",ST,41.5561111,-90.1852778,S,NAD83,563.74,0.14,NAVD88,7090005.0,dv,99133,1.0,48457,,wat,,701177,0,2015-06-26,2026-04-13,2642,POINT (-90.1852778 41.5561111)
USGS,05446500,"ROCK RIVER NEAR JOSLIN, IL",ST,41.5561111,-90.1852778,S,NAD83,563.74,0.14,NAVD88,7090005.0,dv,99133,2.0,48458,,wat,,701177,0,2015-06-26,2026-04-13,2641,POINT (-90.1852778 41.5561111)
USGS,05446500,"ROCK RIVER NEAR JOSLIN, IL",ST,41.5561111,-90.1852778,S,NAD83,563.74,0.14,NAVD88,7090005.0,dv,99133,3.0,48459,,wat,,701177,0,2015-06-26,2026-04-13,2636,POINT (-90.1852778 41.5561111)
USGS,05447500,"GREEN RIVER NEAR GENESEO, IL",ST,41.4889333,-90.1580083,5,NAD83,577.68,0.14,NAVD88,7090007.0,dv,99133,1.0,48486,,wat,,701177,0,2015-06-26,2026-04-13,2618,POINT (-90.1580083 41.4889333)
USGS,05447500,"GREEN RIVER NEAR GENESEO, IL",ST,41.4889333,-90.1580083,5,NAD83,577.68,0.14,NAVD88,7090007.0,dv,99133,2.0,48487,,wat,,701177,0,2015-06-26,2026-04-13,2615,POINT (-90.1580083 41.4889333)
USGS,05447500,"GREEN RIVER NEAR GENESEO, IL",ST,41.4889333,-90.1580083,5,NAD83,577.68,0.14,NAVD88,7090007.0,dv,99133,3.0,48488,,wat,,701177,0,2015-06-26,2026-04-13,2606,POINT (-90.1580083 41.4889333)
USGS,05537980,"DES PLAINES RIVER AT ROUTE 53 AT JOLIET, IL",ST,41.5364722,-88.0836944,F,NAD83,-0.28,0.01,NAVD88,7120004.0,dv,99133,1.0,220199,,wat,,701177,0,2017-11-17,2026-04-13,3005,POINT (-88.0836944 41.5364722)
USGS,05537980,"DES PLAINES RIVER AT ROUTE 53 AT JOLIET, IL",ST,41.5364722,-88.0836944,F,NAD83,-0.28,0.01,NAVD88,7120004.0,dv,99133,2.0,220198,,wat,,701177,0,2017-11-17,2026-04-13,3005,POINT (-88.0836944 41.5364722)
USGS,05537980,"DES PLAINES RIVER AT ROUTE 53 AT JOLIET, IL",ST,41.5364722,-88.0836944,F,NAD83,-0.28,0.01,NAVD88,7120004.0,dv,99133,3.0,220200,,wat,,701177,0,2017-11-17,2026-04-13,3005,POINT (-88.0836944 41.5364722)
USGS,05543010,"ILLINOIS RIVER AT SENECA, IL",ST,41.29988889,-88.6141944,F,NAD83,462.58,0.02,NAVD88,7120005.0,dv,99133,1.0,349162,[MID],wat,,701177,0,2025-04-16,2026-04-13,318,POINT (-88.6141944 41.29988889)
USGS,05543010,"ILLINOIS RIVER AT SENECA, IL",ST,41.29988889,-88.6141944,F,NAD83,462.58,0.02,NAVD88,7120005.0,dv,99133,2.0,48856,[BTM],wat,,701177,0,2013-07-18,2025-04-14,3587,POINT (-88.6141944 41.29988889)
USGS,05543010,"ILLINOIS RIVER AT SENECA, IL",ST,41.29988889,-88.6141944,F,NAD83,462.58,0.02,NAVD88,7120005.0,dv,99133,2.0,349163,[MID],wat,,701177,0,2025-04-16,2026-04-13,318,POINT (-88.6141944 41.29988889)
USGS,05543010,"ILLINOIS RIVER AT SENECA, IL",ST,41.29988889,-88.6141944,F,NAD83,462.58,0.02,NAVD88,7120005.0,dv,99133,3.0,48857,[BTM],wat,,701177,0,2013-07-18,2025-04-14,3578,POINT (-88.6141944 41.29988889)
USGS,05543010,"ILLINOIS RIVER AT SENECA, IL",ST,41.29988889,-88.6141944,F,NAD83,462.58,0.02,NAVD88,7120005.0,dv,99133,3.0,349161,[MID],wat,,701177,0,2025-04-16,2026-04-13,318,POINT (-88.6141944 41.29988889)
USGS,05553700,"ILLINOIS RIVER AT STARVED ROCK, IL",ST,41.3247564,-88.9839693,U,NAD83,,,,7130001.0,dv,99133,1.0,310659,BN,wat,,701177,0,2021-09-24,2026-04-13,1587,POINT (-88.9839693 41.3247564)
USGS,05553700,"ILLINOIS RIVER AT STARVED ROCK, IL",ST,41.3247564,-88.9839693,U,NAD83,,,,7130001.0,dv,99133,2.0,310660,BN,wat,,701177,0,2021-09-24,2026-04-13,1587,POINT (-88.9839693 41.3247564)
USGS,05553700,"ILLINOIS RIVER AT STARVED ROCK, IL",ST,41.3247564,-88.9839693,U,NAD83,,,,7130001.0,dv,99133,3.0,310661,BN,wat,,701177,0,2021-09-24,2026-04-13,1587,POINT (-88.9839693 41.3247564)
USGS,05554300,"INDIAN CREEK NEAR FAIRBURY, IL",ST,40.72277778,-88.53,S,NAD83,666.47,0.08,NAVD88,7130002.0,dv,99133,1.0,48961,,wat,,701177,0,2011-09-12,2026-03-30,2971,POINT (-88.53 40.72277778)
USGS,05554300,"INDIAN CREEK NEAR FAIRBURY, IL",ST,40.72277778,-88.53,S,NAD83,666.47,0.08,NAVD88,7130002.0,dv,99133,2.0,48962,,wat,,701177,0,2011-09-12,2026-03-30,2973,POINT (-88.53 40.72277778)
USGS,05554300,"INDIAN CREEK NEAR FAIRBURY, IL",ST,40.72277778,-88.53,S,NAD83,666.47,0.08,NAVD88,7130002.0,dv,99133,3.0,48963,,wat,,701177,0,2011-09-12,2026-03-30,2970,POINT (-88.53 40.72277778)
USGS,05557500,"EAST BUREAU CREEK NEAR BUREAU, IL",ST,41.3347222,-89.3819444,S,NAD83,484.45,0.01,NGVD29,7130001.0,dv,99133,1.0,48980,,wat,,701177,0,2012-05-30,2013-07-03,199,POINT (-89.3819444 41.3347222)
USGS,05557500,"EAST BUREAU CREEK NEAR BUREAU, IL",ST,41.3347222,-89.3819444,S,NAD83,484.45,0.01,NGVD29,7130001.0,dv,99133,2.0,48981,,wat,,701177,0,2012-05-30,2013-07-02,196,POINT (-89.3819444 41.3347222)
USGS,05557500,"EAST BUREAU CREEK NEAR BUREAU, IL",ST,41.3347222,-89.3819444,S,NAD83,484.45,0.01,NGVD29,7130001.0,dv,99133,3.0,48982,,wat,,701177,0,2012-05-30,2013-07-02,195,POINT (-89.3819444 41.3347222)
USGS,05559900,"ILLINOIS RIVER ABOVE RTE 150 AT PEORIA, IL",ST,40.72503739,-89.5495396,U,NAD83,,,,7130001.0,dv,99133,1.0,328068,,wat,,701177,0,2023-03-24,2026-04-13,852,POINT (-89.5495396 40.72503739)
USGS,05559900,"ILLINOIS RIVER ABOVE RTE 150 AT PEORIA, IL",ST,40.72503739,-89.5495396,U,NAD83,,,,7130001.0,dv,99133,2.0,328070,,wat,,701177,0,2023-03-24,2026-04-13,852,POINT (-89.5495396 40.72503739)
USGS,05559900,"ILLINOIS RIVER ABOVE RTE 150 AT PEORIA, IL",ST,40.72503739,-89.5495396,U,NAD83,,,,7130001.0,dv,99133,3.0,328069,,wat,,701177,0,2023-03-24,2026-04-13,852,POINT (-89.5495396 40.72503739)
USGS,05567500,"MACKINAW RIVER NEAR CONGERVILLE, IL",ST,40.6235,-89.2416667,F,NAD83,606.77,0.02,NAVD88,7130004.0,dv,99133,1.0,313550,,wat,,701177,0,2022-05-13,2025-11-18,972,POINT (-89.2416667 40.6235)
USGS,05567500,"MACKINAW RIVER NEAR CONGERVILLE, IL",ST,40.6235,-89.2416667,F,NAD83,606.77,0.02,NAVD88,7130004.0,dv,99133,2.0,313552,,wat,,701177,0,2022-05-13,2025-11-18,972,POINT (-89.2416667 40.6235)
USGS,05567500,"MACKINAW RIVER NEAR CONGERVILLE, IL",ST,40.6235,-89.2416667,F,NAD83,606.77,0.02,NAVD88,7130004.0,dv,99133,3.0,313551,,wat,,701177,0,2022-05-13,2025-11-18,972,POINT (-89.2416667 40.6235)
USGS,05568705,"MASON TAZEWELL DRAINAGE D AT CR2350E NR TOPEKA, IL",ST,40.3265833,-89.9141111,5,NAD83,444.53,0.03,NAVD88,7130003.0,dv,99133,1.0,315881,,wat,,701177,0,2022-06-07,2026-04-13,1137,POINT (-89.9141111 40.3265833)
USGS,05568705,"MASON TAZEWELL DRAINAGE D AT CR2350E NR TOPEKA, IL",ST,40.3265833,-89.9141111,5,NAD83,444.53,0.03,NAVD88,7130003.0,dv,99133,2.0,315882,,wat,,701177,0,2022-06-07,2026-04-13,1137,POINT (-89.9141111 40.3265833)
USGS,05568705,"MASON TAZEWELL DRAINAGE D AT CR2350E NR TOPEKA, IL",ST,40.3265833,-89.9141111,5,NAD83,444.53,0.03,NAVD88,7130003.0,dv,99133,3.0,315878,,wat,,701177,0,2022-06-07,2026-04-13,1137,POINT (-89.9141111 40.3265833)
USGS,05575550,"CLEAR CREEK NEAR JEISYVILLE, IL",ST,39.54638889,-89.435,S,NAD83,,,,7130007.0,dv,99133,1.0,49086,,wat,,701177,0,2014-06-20,2014-12-26,179,POINT (-89.435 39.54638889)
USGS,05575550,"CLEAR CREEK NEAR JEISYVILLE, IL",ST,39.54638889,-89.435,S,NAD83,,,,7130007.0,dv,99133,2.0,49087,,wat,,701177,0,2014-06-20,2014-12-26,179,POINT (-89.435 39.54638889)
USGS,05575550,"CLEAR CREEK NEAR JEISYVILLE, IL",ST,39.54638889,-89.435,S,NAD83,,,,7130007.0,dv,99133,3.0,49088,,wat,,701177,0,2014-06-20,2014-12-26,178,POINT (-89.435 39.54638889)
USGS,05576100,"LICK CREEK NEAR WOODSIDE, IL",ST,39.71553889,-89.7024444,S,NAD83,0.0,0.01,NAVD88,7130007.0,dv,99133,1.0,49107,,wat,,701177,0,2015-06-13,2026-04-13,2612,POINT (-89.7024444 39.71553889)
USGS,05576100,"LICK CREEK NEAR WOODSIDE, IL",ST,39.71553889,-89.7024444,S,NAD83,0.0,0.01,NAVD88,7130007.0,dv,99133,2.0,49108,,wat,,701177,0,2015-06-13,2026-04-13,2612,POINT (-89.7024444 39.71553889)
USGS,05576100,"LICK CREEK NEAR WOODSIDE, IL",ST,39.71553889,-89.7024444,S,NAD83,0.0,0.01,NAVD88,7130007.0,dv,99133,3.0,49109,,wat,,701177,0,2015-06-13,2026-04-13,2612,POINT (-89.7024444 39.71553889)
USGS,05576195,"SUGAR CREEK NEAR CHATHAM, IL",ST,39.659075,-89.6589361,S,NAD83,0.0,0.01,NAVD88,7130007.0,dv,99133,1.0,49132,,wat,,701177,0,2015-06-13,2026-04-13,2458,POINT (-89.6589361 39.659075)
USGS,05576195,"SUGAR CREEK NEAR CHATHAM, IL",ST,39.659075,-89.6589361,S,NAD83,0.0,0.01,NAVD88,7130007.0,dv,99133,2.0,49133,,wat,,701177,0,2015-06-13,2026-04-13,2457,POINT (-89.6589361 39.659075)
USGS,05576195,"SUGAR CREEK NEAR CHATHAM, IL",ST,39.659075,-89.6589361,S,NAD83,0.0,0.01,NAVD88,7130007.0,dv,99133,3.0,49134,,wat,,701177,0,2015-06-13,2026-04-13,2455,POINT (-89.6589361 39.659075)
USGS,05579610,"KICKAPOO CREEK AT 2100E ROAD NEAR BLOOMINGTON, IL",ST,40.46777778,-88.86388889,S,NAD83,785.66,0.01,NGVD29,7130009.0,dv,99133,1.0,49187,,wat,,701177,0,2012-04-11,2015-07-08,783,POINT (-88.86388889 40.46777778)
USGS,05579610,"KICKAPOO CREEK AT 2100E ROAD NEAR BLOOMINGTON, IL",ST,40.46777778,-88.86388889,S,NAD83,785.66,0.01,NGVD29,7130009.0,dv,99133,2.0,49188,,wat,,701177,0,2012-04-11,2015-07-08,786,POINT (-88.86388889 40.46777778)
USGS,05579610,"KICKAPOO CREEK AT 2100E ROAD NEAR BLOOMINGTON, IL",ST,40.46777778,-88.86388889,S,NAD83,785.66,0.01,NGVD29,7130009.0,dv,99133,3.0,49189,,wat,,701177,0,2012-04-11,2015-07-08,782,POINT (-88.86388889 40.46777778)
USGS,05579620,"KICKAPOO CREEK TRIBUTARY NEAR BLOOMINGTON, IL",ST,40.47277778,-88.8797222,S,NAD83,785.66,0.01,NGVD29,7130009.0,dv,99133,1.0,49197,,wat,,701177,0,2010-07-08,2015-07-15,1065,POINT (-88.8797222 40.47277778)
USGS,05579620,"KICKAPOO CREEK TRIBUTARY NEAR BLOOMINGTON, IL",ST,40.47277778,-88.8797222,S,NAD83,785.66,0.01,NGVD29,7130009.0,dv,99133,2.0,49198,,wat,,701177,0,2010-07-07,2015-07-15,1069,POINT (-88.8797222 40.47277778)
USGS,05579620,"KICKAPOO CREEK TRIBUTARY NEAR BLOOMINGTON, IL",ST,40.47277778,-88.8797222,S,NAD83,785.66,0.01,NGVD29,7130009.0,dv,99133,3.0,49199,,wat,,701177,0,2010-07-08,2015-07-15,1056,POINT (-88.8797222 40.47277778)
USGS,05579624,"KICKAPOO CR TRIB NR LONGFIELD RD NR BLOOMINGTON,IL",ST,40.4628611,-88.8771667,1,NAD83,,,,7130009.0,dv,99133,1.0,294864,,wat,,701177,0,2014-04-01,2015-07-06,320,POINT (-88.8771667 40.4628611)
USGS,05579624,"KICKAPOO CR TRIB NR LONGFIELD RD NR BLOOMINGTON,IL",ST,40.4628611,-88.8771667,1,NAD83,,,,7130009.0,dv,99133,2.0,294865,,wat,,701177,0,2014-04-01,2015-07-07,322,POINT (-88.8771667 40.4628611)
USGS,05579624,"KICKAPOO CR TRIB NR LONGFIELD RD NR BLOOMINGTON,IL",ST,40.4628611,-88.8771667,1,NAD83,,,,7130009.0,dv,99133,3.0,294863,,wat,,701177,0,2014-04-01,2015-07-06,315,POINT (-88.8771667 40.4628611)
USGS,05579630,"KICKAPOO CREEK NEAR BLOOMINGTON, IL",ST,40.4583333,-88.8775,S,NAD83,785.62,0.05,NAVD88,7130009.0,dv,99133,1.0,49229,,wat,,701177,0,2010-07-10,2015-07-14,1249,POINT (-88.8775 40.4583333)
USGS,05579630,"KICKAPOO CREEK NEAR BLOOMINGTON, IL",ST,40.4583333,-88.8775,S,NAD83,785.62,0.05,NAVD88,7130009.0,dv,99133,2.0,49230,,wat,,701177,0,2010-07-09,2015-07-14,1241,POINT (-88.8775 40.4583333)
USGS,05579630,"KICKAPOO CREEK NEAR BLOOMINGTON, IL",ST,40.4583333,-88.8775,S,NAD83,785.62,0.05,NAVD88,7130009.0,dv,99133,3.0,49231,,wat,,701177,0,2010-07-10,2015-07-14,1235,POINT (-88.8775 40.4583333)
USGS,05586300,"ILLINOIS RIVER AT FLORENCE, IL",ST,39.63275,-90.6076667,F,NAD83,404.46,0.04,NAVD88,7130011.0,dv,99133,1.0,49317,,wat,,701177,0,2012-06-02,2026-04-13,4744,POINT (-90.6076667 39.63275)
USGS,05586300,"ILLINOIS RIVER AT FLORENCE, IL",ST,39.63275,-90.6076667,F,NAD83,404.46,0.04,NAVD88,7130011.0,dv,99133,2.0,49318,,wat,,701177,0,2012-06-02,2026-04-13,4745,POINT (-90.6076667 39.63275)
USGS,05586300,"ILLINOIS RIVER AT FLORENCE, IL",ST,39.63275,-90.6076667,F,NAD83,404.46,0.04,NAVD88,7130011.0,dv,99133,3.0,49319,,wat,,701177,0,2012-06-02,2026-04-13,4746,POINT (-90.6076667 39.63275)
USGS,05595000,"KASKASKIA RIVER AT NEW ATHENS, IL",ST,38.3197222,-89.8883333,F,NAD83,299.54,0.02,NAVD88,7140204.0,dv,99133,1.0,49458,,wat,,701177,0,2015-09-22,2026-04-13,3663,POINT (-89.8883333 38.3197222)
USGS,05595000,"KASKASKIA RIVER AT NEW ATHENS, IL",ST,38.3197222,-89.8883333,F,NAD83,299.54,0.02,NAVD88,7140204.0,dv,99133,2.0,49459,,wat,,701177,0,2015-09-22,2026-04-13,3663,POINT (-89.8883333 38.3197222)
USGS,05595000,"KASKASKIA RIVER AT NEW ATHENS, IL",ST,38.3197222,-89.8883333,F,NAD83,299.54,0.02,NAVD88,7140204.0,dv,99133,3.0,49460,,wat,,701177,0,2015-09-22,2026-04-13,3663,POINT (-89.8883333 38.3197222)
USGS,05599490,"BIG MUDDY RIVER AT RTE 127 AT MURPHYSBORO, IL",ST,37.7583333,-89.3277778,F,NAD83,335.06,0.04,NAVD88,7140106.0,dv,99133,1.0,49519,,wat,,701177,0,2015-10-22,2026-04-13,3339,POINT (-89.3277778 37.7583333)
USGS,05599490,"BIG MUDDY RIVER AT RTE 127 AT MURPHYSBORO, IL",ST,37.7583333,-89.3277778,F,NAD83,335.06,0.04,NAVD88,7140106.0,dv,99133,2.0,49520,,wat,,701177,0,2015-10-22,2026-04-13,3339,POINT (-89.3277778 37.7583333)
USGS,05599490,"BIG MUDDY RIVER AT RTE 127 AT MURPHYSBORO, IL",ST,37.7583333,-89.3277778,F,NAD83,335.06,0.04,NAVD88,7140106.0,dv,99133,3.0,49521,,wat,,701177,0,2015-10-22,2026-04-13,3339,POINT (-89.3277778 37.7583333)
USGS,03275500,"EAST FORK WHITEWATER RIVER AT RICHMOND, IN",ST,39.806701,-84.9071494,U,NAD83,853.51,0.08,NAVD88,5080003.0,dv,99133,1.0,219957,,wat,,701177,0,2017-11-15,2026-04-13,2566,POINT (-84.9071494 39.806701)
USGS,03275500,"EAST FORK WHITEWATER RIVER AT RICHMOND, IN",ST,39.806701,-84.9071494,U,NAD83,853.51,0.08,NAVD88,5080003.0,dv,99133,2.0,324948,,wat,,701177,0,2017-11-15,2026-04-13,2562,POINT (-84.9071494 39.806701)
USGS,03275500,"EAST FORK WHITEWATER RIVER AT RICHMOND, IN",ST,39.806701,-84.9071494,U,NAD83,853.51,0.08,NAVD88,5080003.0,dv,99133,3.0,324945,,wat,,701177,0,2017-11-15,2026-04-13,2556,POINT (-84.9071494 39.806701)
USGS,03275990,"BROOKVILLE LAKE AT BROOKVILLE, IN",LK,39.44088406,-85.0027377,U,NAD83,0.0,0.01,NAVD88,5080003.0,dv,99133,1.0,169935,3ft,wat,,701177,0,2017-03-30,2017-12-26,272,POINT (-85.0027377 39.44088406)
USGS,03275990,"BROOKVILLE LAKE AT BROOKVILLE, IN",LK,39.44088406,-85.0027377,U,NAD83,0.0,0.01,NAVD88,5080003.0,dv,99133,2.0,169934,3ft,wat,,701177,0,2017-03-30,2017-12-26,272,POINT (-85.0027377 39.44088406)
USGS,03275990,"BROOKVILLE LAKE AT BROOKVILLE, IN",LK,39.44088406,-85.0027377,U,NAD83,0.0,0.01,NAVD88,5080003.0,dv,99133,3.0,169936,3ft,wat,,701177,0,2017-03-30,2017-12-26,272,POINT (-85.0027377 39.44088406)
USGS,03276000,"EAST FORK WHITEWATER RIVER AT BROOKVILLE, IN",ST,39.43392795,-85.003264,S,NAD83,620.98,0.1,NAVD88,5080003.0,dv,99133,1.0,168133,,wat,,701177,0,2017-02-08,2018-03-08,380,POINT (-85.003264 39.43392795)
USGS,03276000,"EAST FORK WHITEWATER RIVER AT BROOKVILLE, IN",ST,39.43392795,-85.003264,S,NAD83,620.98,0.1,NAVD88,5080003.0,dv,99133,2.0,168135,,wat,,701177,0,2017-02-08,2018-03-08,380,POINT (-85.003264 39.43392795)
USGS,03276000,"EAST FORK WHITEWATER RIVER AT BROOKVILLE, IN",ST,39.43392795,-85.003264,S,NAD83,620.98,0.1,NAVD88,5080003.0,dv,99133,3.0,168134,,wat,,701177,0,2017-02-08,2018-03-08,380,POINT (-85.003264 39.43392795)
USGS,03340870,"CECIL M. HARDEN LAKE AT FERNDALE, IN",LK,39.717543,-87.0722349,S,NAD83,0.0,0.01,NGVD29,5120108.0,dv,99133,1.0,325002,3ft,wat,,701177,0,2017-04-20,2017-11-07,202,POINT (-87.0722349 39.717543)
USGS,03340870,"CECIL M. HARDEN LAKE AT FERNDALE, IN",LK,39.717543,-87.0722349,S,NAD83,0.0,0.01,NGVD29,5120108.0,dv,99133,2.0,325012,3ft,wat,,701177,0,2017-04-20,2017-11-07,202,POINT (-87.0722349 39.717543)
USGS,03340870,"CECIL M. HARDEN LAKE AT FERNDALE, IN",LK,39.717543,-87.0722349,S,NAD83,0.0,0.01,NGVD29,5120108.0,dv,99133,3.0,174807,3ft,wat,,701177,0,2017-04-20,2017-11-07,202,POINT (-87.0722349 39.717543)
USGS,03340900,"BIG RACCOON CREEK AT FERNDALE, IN",ST,39.71116667,-87.0712778,S,NAD83,589.43,0.01,NAVD88,5120108.0,dv,99133,1.0,168671,,wat,,701177,0,2017-01-28,2018-02-14,383,POINT (-87.0712778 39.71116667)
USGS,03340900,"BIG RACCOON CREEK AT FERNDALE, IN",ST,39.71116667,-87.0712778,S,NAD83,589.43,0.01,NAVD88,5120108.0,dv,99133,2.0,168670,,wat,,701177,0,2017-01-28,2018-02-14,383,POINT (-87.0712778 39.71116667)
USGS,03340900,"BIG RACCOON CREEK AT FERNDALE, IN",ST,39.71116667,-87.0712778,S,NAD83,589.43,0.01,NAVD88,5120108.0,dv,99133,3.0,168674,,wat,,701177,0,2017-01-28,2018-02-14,383,POINT (-87.0712778 39.71116667)
USGS,03353200,"EAGLE CREEK AT ZIONSVILLE, IN",ST,39.94642217,-86.260249,S,NAD83,813.44,0.08,NAVD88,5120201.0,dv,99133,1.0,336225,,wat,,701177,0,2011-05-18,2026-04-13,4649,POINT (-86.260249 39.94642217)
USGS,03353200,"EAGLE CREEK AT ZIONSVILLE, IN",ST,39.94642217,-86.260249,S,NAD83,813.44,0.08,NAVD88,5120201.0,dv,99133,2.0,336223,,wat,,701177,0,2011-05-18,2026-04-13,4642,POINT (-86.260249 39.94642217)
USGS,03353200,"EAGLE CREEK AT ZIONSVILLE, IN",ST,39.94642217,-86.260249,S,NAD83,813.44,0.08,NAVD88,5120201.0,dv,99133,3.0,336224,,wat,,701177,0,2011-05-18,2026-04-13,4634,POINT (-86.260249 39.94642217)
USGS,03353415,"SCHOOL BRANCH AT MALONEY ROAD NEAR BROWNSBURG, IN",ST,39.88577778,-86.3554444,1,NAD83,889.7,0.06,NAVD88,5120201.0,dv,99133,1.0,321947,,wat,,701177,0,2018-03-01,2026-04-13,2624,POINT (-86.3554444 39.88577778)
USGS,03353415,"SCHOOL BRANCH AT MALONEY ROAD NEAR BROWNSBURG, IN",ST,39.88577778,-86.3554444,1,NAD83,889.7,0.06,NAVD88,5120201.0,dv,99133,2.0,321948,,wat,,701177,0,2018-03-01,2026-04-13,2626,POINT (-86.3554444 39.88577778)
USGS,03353415,"SCHOOL BRANCH AT MALONEY ROAD NEAR BROWNSBURG, IN",ST,39.88577778,-86.3554444,1,NAD83,889.7,0.06,NAVD88,5120201.0,dv,99133,3.0,321949,,wat,,701177,0,2018-03-01,2026-04-13,2613,POINT (-86.3554444 39.88577778)
USGS,03353420,"SCHOOL BRANCH AT CR750N AT BROWNSBURG, IN",ST,39.8725833,-86.3615278,1,NAD83,883.09,0.18,NAVD88,5120201.0,dv,99133,1.0,51744,,wat,,701177,0,2015-06-23,2026-04-13,3651,POINT (-86.3615278 39.8725833)
USGS,03353420,"SCHOOL BRANCH AT CR750N AT BROWNSBURG, IN",ST,39.8725833,-86.3615278,1,NAD83,883.09,0.18,NAVD88,5120201.0,dv,99133,2.0,51745,,wat,,701177,0,2015-06-23,2026-04-13,3644,POINT (-86.3615278 39.8725833)
USGS,03353420,"SCHOOL BRANCH AT CR750N AT BROWNSBURG, IN",ST,39.8725833,-86.3615278,1,NAD83,883.09,0.18,NAVD88,5120201.0,dv,99133,3.0,51746,,wat,,701177,0,2015-06-23,2026-04-13,3639,POINT (-86.3615278 39.8725833)
USGS,03374100,"WHITE RIVER AT HAZLETON, IN",ST,38.4897748,-87.5500132,F,NAD83,382.77,0.05,NAVD88,5120202.0,dv,99133,3.0,266425,,wat,,701177,0,2012-05-18,2026-04-13,1588,POINT (-87.5500132 38.4897748)
USGS,03378500,"WABASH RIVER AT NEW HARMONY, IN",ST,38.13089124,-87.9414145,S,NAD83,352.71,0.02,NAVD88,5120113.0,dv,99133,1.0,329852,Basin,wat,,701177,0,2019-09-04,2026-04-13,1748,POINT (-87.9414145 38.13089124)
USGS,03378500,"WABASH RIVER AT NEW HARMONY, IN",ST,38.13089124,-87.9414145,S,NAD83,352.71,0.02,NAVD88,5120113.0,dv,99133,2.0,329851,Basin,wat,,701177,0,2019-09-04,2026-04-13,1744,POINT (-87.9414145 38.13089124)
USGS,03378500,"WABASH RIVER AT NEW HARMONY, IN",ST,38.13089124,-87.9414145,S,NAD83,352.71,0.02,NAVD88,5120113.0,dv,99133,3.0,329853,Basin,wat,,701177,0,2019-09-04,2026-04-13,1736,POINT (-87.9414145 38.13089124)
USGS,04182867,"MAUMEE RIVER AT TECUMSEH STREET AT FORT WAYNE, IN",ST,41.08494444,-85.1223333,1,NAD83,742.0,1.0,NAVD88,4100005.0,dv,99133,3.0,294539,,wat,,701177,0,2014-12-19,2015-12-09,315,POINT (-85.1223333 41.08494444)
USGS,05515500,"KANKAKEE RIVER AT DAVIS, IN",ST,41.38963889,-86.7061667,1,NAD83,664.34,0.06,NAVD88,7120001.0,dv,99133,1.0,52167,,wat,,701177,0,2013-12-05,2026-04-13,4298,POINT (-86.7061667 41.38963889)
USGS,05515500,"KANKAKEE RIVER AT DAVIS, IN",ST,41.38963889,-86.7061667,1,NAD83,664.34,0.06,NAVD88,7120001.0,dv,99133,2.0,52168,,wat,,701177,0,2013-12-05,2026-04-13,4296,POINT (-86.7061667 41.38963889)
USGS,05515500,"KANKAKEE RIVER AT DAVIS, IN",ST,41.38963889,-86.7061667,1,NAD83,664.34,0.06,NAVD88,7120001.0,dv,99133,3.0,52169,,wat,,701177,0,2013-12-05,2026-04-13,4294,POINT (-86.7061667 41.38963889)
USGS,05517500,"KANKAKEE RIVER AT DUNNS BRIDGE, IN",ST,41.22001988,-86.96832769,S,NAD83,649.18,0.06,NAVD88,7120001.0,dv,99133,1.0,320013,,wat,,701177,0,2016-04-13,2026-04-13,2913,POINT (-86.96832769 41.22001988)
USGS,05517500,"KANKAKEE RIVER AT DUNNS BRIDGE, IN",ST,41.22001988,-86.96832769,S,NAD83,649.18,0.06,NAVD88,7120001.0,dv,99133,2.0,272105,,wat,,701177,0,2016-04-13,2026-04-13,2912,POINT (-86.96832769 41.22001988)
USGS,05517500,"KANKAKEE RIVER AT DUNNS BRIDGE, IN",ST,41.22001988,-86.96832769,S,NAD83,649.18,0.06,NAVD88,7120001.0,dv,99133,3.0,163282,,wat,,701177,0,2016-04-13,2026-04-13,2910,POINT (-86.96832769 41.22001988)
USGS,05518000,"KANKAKEE RIVER AT SHELBY, IN",ST,41.1828134,-87.3403096,S,NAD83,627.94,0.01,NAVD88,7120001.0,dv,99133,1.0,353372,,wat,,701177,0,2016-08-28,2026-04-13,3286,POINT (-87.3403096 41.1828134)
USGS,05518000,"KANKAKEE RIVER AT SHELBY, IN",ST,41.1828134,-87.3403096,S,NAD83,627.94,0.01,NAVD88,7120001.0,dv,99133,2.0,353373,,wat,,701177,0,2016-08-28,2026-04-13,3287,POINT (-87.3403096 41.1828134)
USGS,05518000,"KANKAKEE RIVER AT SHELBY, IN",ST,41.1828134,-87.3403096,S,NAD83,627.94,0.01,NAVD88,7120001.0,dv,99133,3.0,52212,,wat,,701177,0,2015-12-05,2026-04-13,3546,POINT (-87.3403096 41.1828134)
USGS,05524500,"IROQUOIS RIVER NEAR FORESMAN, IN",ST,40.8705788,-87.3066723,S,NAD83,623.81,0.1,NAVD88,7120002.0,dv,99133,1.0,52243,,wat,,701177,0,2015-03-20,2026-04-13,3786,POINT (-87.3066723 40.8705788)
USGS,05524500,"IROQUOIS RIVER NEAR FORESMAN, IN",ST,40.8705788,-87.3066723,S,NAD83,623.81,0.1,NAVD88,7120002.0,dv,99133,2.0,52244,,wat,,701177,0,2015-03-20,2026-04-13,3778,POINT (-87.3066723 40.8705788)
USGS,05524500,"IROQUOIS RIVER NEAR FORESMAN, IN",ST,40.8705788,-87.3066723,S,NAD83,623.81,0.1,NAVD88,7120002.0,dv,99133,3.0,52245,,wat,,701177,0,2015-03-20,2026-04-13,3776,POINT (-87.3066723 40.8705788)
USGS,05536356,"GRAND CALUMET RIVER AT COLUMBIA AV AT HAMMOND, IN",ST,41.6186111,-87.4998333,U,NAD83,573.86,0.08,NAVD88,7120003.0,dv,99133,1.0,353339,,wat,,701177,0,2021-12-12,2026-04-13,1499,POINT (-87.4998333 41.6186111)
USGS,05536356,"GRAND CALUMET RIVER AT COLUMBIA AV AT HAMMOND, IN",ST,41.6186111,-87.4998333,U,NAD83,573.86,0.08,NAVD88,7120003.0,dv,99133,2.0,353340,,wat,,701177,0,2021-12-12,2026-04-13,1494,POINT (-87.4998333 41.6186111)
USGS,05536356,"GRAND CALUMET RIVER AT COLUMBIA AV AT HAMMOND, IN",ST,41.6186111,-87.4998333,U,NAD83,573.86,0.08,NAVD88,7120003.0,dv,99133,3.0,353338,,wat,,701177,0,2021-12-12,2026-04-13,1491,POINT (-87.4998333 41.6186111)
USGS,05412500,"Turkey River at Garber, IA",ST,42.7399884,-91.261799,F,NAD83,638.88,0.11,NAVD88,7060004.0,dv,99133,3.0,42731,,wat,,701177,0,2012-05-09,2026-04-13,3068,POINT (-91.261799 42.7399884)
USGS,05418110,"NF Maquoketa River below Bear Cr at Dyersville, IA",ST,42.4703333,-91.1245556,1,NAD83,924.95,0.01,NAVD88,7060006.0,dv,99133,3.0,42746,,wat,,701177,0,2012-05-16,2014-11-12,589,POINT (-91.1245556 42.4703333)
USGS,05418400,"North Fork Maquoketa River near Fulton, IA",ST,42.1643333,-90.7293333,F,NAD83,678.58,0.32,NAVD88,7060006.0,dv,99133,3.0,42751,,wat,,701177,0,2012-05-25,2014-11-11,611,POINT (-90.7293333 42.1643333)
USGS,05418400,"North Fork Maquoketa River near Fulton, IA",ST,42.1643333,-90.7293333,F,NAD83,678.58,0.32,NAVD88,7060006.0,dv,99133,3.0,42762,SUNA,wat,,701177,0,2013-05-30,2013-06-15,12,POINT (-90.7293333 42.1643333)
USGS,05418720,"Maquoketa River near Green Island, IA",ST,42.1638611,-90.3350833,1,NAD83,582.12,0.01,NAVD88,7060006.0,dv,99133,3.0,42771,,wat,,701177,0,2014-05-23,2018-10-22,1068,POINT (-90.3350833 42.1638611)
USGS,05420500,"Mississippi River at Clinton, IA",ST,41.78058635,-90.252073,F,NAD83,562.54,0.14,NAVD88,7080101.0,dv,99133,3.0,42798,[SUNA Sensor],wat,,701177,0,2015-03-27,2016-07-16,374,POINT (-90.252073 41.78058635)
USGS,05420500,"Mississippi River at Clinton, IA",ST,41.78058635,-90.252073,F,NAD83,562.54,0.14,NAVD88,7080101.0,dv,99133,3.0,230012,"nitratax, [Nitratax Sensor]",wat,,701177,0,2017-03-08,2021-08-01,1411,POINT (-90.252073 41.78058635)
USGS,05451210,"South Fork Iowa River NE of New Providence, IA",ST,42.31530556,-93.1521944,F,NAD83,944.03,0.13,NAVD88,7080207.0,dv,99133,3.0,42857,,wat,,701177,0,2010-07-30,2011-11-28,370,POINT (-93.1521944 42.31530556)
USGS,05455100,"Old Mans Creek near Iowa City, IA",ST,41.60640556,-91.6157222,F,NAD83,637.32,0.03,NAVD88,7080209.0,dv,99133,3.0,294781,,wat,,701177,0,2012-05-09,2015-11-05,773,POINT (-91.6157222 41.60640556)
USGS,05464420,"Cedar River at Blairs Ferry Road at Palo, IA",ST,42.06916389,-91.7851806,F,NAD83,725.47,0.09,NAVD88,7080205.0,dv,99133,3.0,42950,,wat,,701177,0,2012-10-14,2026-04-13,3347,POINT (-91.7851806 42.06916389)
USGS,05464475,"Morgan Creek near Covington, IA",ST,41.98941597,-91.7595985,1,NAD83,725.98,0.16,NAVD88,7080205.0,dv,99133,3.0,247081,,wat,,701177,0,2019-04-17,2026-04-13,1936,POINT (-91.7595985 41.98941597)
USGS,05464500,"Cedar River at Cedar Rapids, IA",ST,41.97194549,-91.6671239,S,NAD83,700.08,0.11,NAVD88,7080205.0,dv,99133,3.0,294792,,wat,,701177,0,2009-04-14,2012-09-29,689,POINT (-91.6671239 41.97194549)
USGS,05465500,"Iowa River at Wapello, IA",ST,41.1780861,-91.1820917,F,NAD83,538.08,0.16,NAVD88,7080209.0,dv,99133,3.0,42973,,wat,,701177,0,2009-06-03,2026-04-14,4165,POINT (-91.1820917 41.1780861)
USGS,05474500,"Mississippi River at Keokuk, IA",ST,40.39365535,-91.374318,F,NAD83,477.41,0.01,NGVD29,7080104.0,dv,99133,3.0,327425,,wat,,701177,0,2023-04-13,2026-04-14,1024,POINT (-91.374318 40.39365535)
USGS,05480603,"Prairie Creek at Otho, IA (S3)",ST,42.41088889,-94.1413056,1,NAD83,,,,7100004.0,dv,99133,3.0,43032,,wat,,701177,0,2013-06-14,2014-10-02,271,POINT (-94.1413056 42.41088889)
USGS,05480986,"Lyons Creek near Webster City, IA (L3)",ST,42.49325,-93.7668056,1,NAD83,,,,7100005.0,dv,99133,3.0,43036,,wat,,701177,0,2013-04-27,2013-08-21,106,POINT (-93.7668056 42.49325)
USGS,05481000,"Boone River near Webster City, IA",ST,42.4319722,-93.8059444,F,NAD83,989.38,0.23,NAVD88,7100005.0,dv,99133,3.0,43040,,wat,,701177,0,2012-03-15,2017-10-01,1246,POINT (-93.8059444 42.4319722)
USGS,05482000,"Des Moines River at 2nd Avenue at Des Moines, IA",ST,41.61194444,-93.6197222,F,NAD83,773.26,0.33,NAVD88,7100004.0,dv,99133,3.0,294804,,wat,,701177,0,2016-03-31,2026-04-13,3375,POINT (-93.6197222 41.61194444)
USGS,05482300,"North Raccoon River near Sac City, IA",ST,42.35455556,-94.9910278,F,NAD83,1146.13,0.13,NAVD88,7100006.0,dv,99133,3.0,43063,,wat,,701177,0,2008-03-27,2026-04-14,5815,POINT (-94.9910278 42.35455556)
USGS,05482500,"North Raccoon River near Jefferson, IA",ST,41.9878611,-94.3770833,F,NAD83,967.01,0.07,NAVD88,7100006.0,dv,99133,3.0,43069,,wat,,701177,0,2008-04-03,2026-04-14,5169,POINT (-94.3770833 41.9878611)
USGS,05484000,"South Raccoon River at Redfield, IA",ST,41.59041667,-94.1511667,F,NAD83,888.59,0.13,NAVD88,7100007.0,dv,99133,3.0,43099,,wat,,701177,0,2016-03-03,2026-04-13,3538,POINT (-94.1511667 41.59041667)
USGS,05484500,"Raccoon River at Van Meter, IA",ST,41.53402778,-93.9497778,F,NAD83,836.49,0.43,NAVD88,7100006.0,dv,99133,3.0,43103,,wat,,701177,0,2012-03-02,2026-04-14,4753,POINT (-93.9497778 41.53402778)
USGS,06603750,"WB Little Sioux Riv abv Silver Lk at Lake Park, IA",ST,43.45869444,-95.3435833,1,NAD83,,,,10230003.0,dv,99133,3.0,165886,,wat,,701177,0,2016-05-05,2017-10-03,369,POINT (-95.3435833 43.45869444)
USGS,06604440,"Little Sioux River at 300th St near Spencer, IA",ST,43.21277778,-95.2391667,1,NAD83,1319.11,0.01,NAVD88,10230003.0,dv,99133,3.0,43204,,wat,,701177,0,2012-06-01,2015-09-30,821,POINT (-95.2391667 43.21277778)
USGS,06808500,"West Nishnabotna River at Randolph, IA",ST,40.87327778,-95.5814444,F,NAD83,933.78,0.01,NAVD88,10240002.0,dv,99133,3.0,43284,,wat,,701177,0,2016-03-02,2026-04-13,2496,POINT (-95.5814444 40.87327778)
USGS,06817000,"Nodaway River at Clarinda, IA",ST,40.7432222,-95.0145278,F,NAD83,956.01,0.12,NAVD88,10240009.0,dv,99133,3.0,43313,,wat,,701177,0,2012-05-30,2026-04-13,3147,POINT (-95.0145278 40.7432222)
USGS,06887000,"BIG BLUE R NR MANHATTAN, KS",ST,39.2372186,-96.5713918,M,NAD83,989.25,0.09,NAVD88,10270205.0,dv,99133,1.0,352691,,wat,,701177,0,2025-07-01,2026-04-13,192,POINT (-96.5713918 39.2372186)
USGS,06887000,"BIG BLUE R NR MANHATTAN, KS",ST,39.2372186,-96.5713918,M,NAD83,989.25,0.09,NAVD88,10270205.0,dv,99133,2.0,352690,,wat,,701177,0,2025-07-02,2026-04-13,193,POINT (-96.5713918 39.2372186)
USGS,06887000,"BIG BLUE R NR MANHATTAN, KS",ST,39.2372186,-96.5713918,M,NAD83,989.25,0.09,NAVD88,10270205.0,dv,99133,3.0,352692,,wat,,701177,0,2025-07-02,2026-04-13,187,POINT (-96.5713918 39.2372186)
USGS,06887500,"KANSAS R AT WAMEGO, KS",ST,39.19833014,-96.3055532,M,NAD83,951.05,0.08,NAVD88,10270102.0,dv,99133,1.0,352688,,wat,,701177,0,2025-07-01,2026-04-13,208,POINT (-96.3055532 39.19833014)
USGS,06887500,"KANSAS R AT WAMEGO, KS",ST,39.19833014,-96.3055532,M,NAD83,951.05,0.08,NAVD88,10270102.0,dv,99133,2.0,352687,,wat,,701177,0,2025-07-01,2026-04-13,208,POINT (-96.3055532 39.19833014)
USGS,06887500,"KANSAS R AT WAMEGO, KS",ST,39.19833014,-96.3055532,M,NAD83,951.05,0.08,NAVD88,10270102.0,dv,99133,3.0,352689,,wat,,701177,0,2025-07-01,2026-04-13,205,POINT (-96.3055532 39.19833014)
USGS,06889110,"SOLDIER CREEK NR CORNING, KS",ST,39.6095472,-95.9760556,1,NAD83,1271.0,1.6,NAVD88,10270102.0,dv,99133,1.0,340626,,wat,,701177,0,2022-03-04,2026-04-13,1006,POINT (-95.9760556 39.6095472)
USGS,06889110,"SOLDIER CREEK NR CORNING, KS",ST,39.6095472,-95.9760556,1,NAD83,1271.0,1.6,NAVD88,10270102.0,dv,99133,2.0,340630,,wat,,701177,0,2022-03-04,2026-04-13,1008,POINT (-95.9760556 39.6095472)
USGS,06889110,"SOLDIER CREEK NR CORNING, KS",ST,39.6095472,-95.9760556,1,NAD83,1271.0,1.6,NAVD88,10270102.0,dv,99133,3.0,340627,,wat,,701177,0,2021-07-28,2026-04-13,1123,POINT (-95.9760556 39.6095472)
USGS,03290500,"KENTUCKY RIVER AT LOCK 2 AT LOCKPORT, KY",ST,38.43894162,-84.96326372,F,NAD83,432.99,0.16,NAVD88,5100205.0,dv,99133,1.0,310358,,wat,,701177,0,2018-10-12,2026-04-13,1501,POINT (-84.96326372 38.43894162)
USGS,03290500,"KENTUCKY RIVER AT LOCK 2 AT LOCKPORT, KY",ST,38.43894162,-84.96326372,F,NAD83,432.99,0.16,NAVD88,5100205.0,dv,99133,2.0,310359,,wat,,701177,0,2018-10-12,2026-04-13,1501,POINT (-84.96326372 38.43894162)
USGS,03290500,"KENTUCKY RIVER AT LOCK 2 AT LOCKPORT, KY",ST,38.43894162,-84.96326372,F,NAD83,432.99,0.16,NAVD88,5100205.0,dv,99133,3.0,310360,,wat,,701177,0,2018-10-12,2026-04-13,1501,POINT (-84.96326372 38.43894162)
USGS,03302058,"SALT RIVER AT MAIN RANGE RD NR WEST POINT, KY",ST,37.99222222,-85.92205556,1,NAD83,373.54,0.1,NAVD88,51401021304.0,dv,99133,1.0,322755,,wat,,701177,0,2023-05-19,2026-02-10,815,POINT (-85.92205556 37.99222222)
USGS,03302058,"SALT RIVER AT MAIN RANGE RD NR WEST POINT, KY",ST,37.99222222,-85.92205556,1,NAD83,373.54,0.1,NAVD88,51401021304.0,dv,99133,2.0,322757,,wat,,701177,0,2023-05-19,2026-02-10,815,POINT (-85.92205556 37.99222222)
USGS,03302058,"SALT RIVER AT MAIN RANGE RD NR WEST POINT, KY",ST,37.99222222,-85.92205556,1,NAD83,373.54,0.1,NAVD88,51401021304.0,dv,99133,3.0,322758,,wat,,701177,0,2023-05-19,2026-02-10,815,POINT (-85.92205556 37.99222222)
USGS,03318010,"ROUGH RIVER NEAR FALLS OF ROUGH AT DAM, KY",ST,37.62199988,-86.5041474,F,NAD83,399.55,0.26,NAVD88,5110004.0,dv,99133,3.0,163616,,wat,,701177,0,2016-04-30,2016-12-11,118,POINT (-86.5041474 37.62199988)
USGS,07374000,"Mississippi River at Baton Rouge, LA",ST,30.44566667,-91.1915556,S,NAD83,0.0,0.01,NAVD88,8070100.0,dv,99133,3.0,61178,,wat,,701177,0,2011-11-09,2026-04-13,4861,POINT (-91.1915556 30.44566667)
USGS,01491000,"CHOPTANK RIVER NEAR GREENSBORO, MD",ST,38.99719444,-75.7858056,S,NAD83,2.73,0.1,NAVD88,2060005.0,dv,99133,1.0,330413,,wat,,701177,0,2023-08-02,2026-04-13,977,POINT (-75.7858056 38.99719444)
USGS,01491000,"CHOPTANK RIVER NEAR GREENSBORO, MD",ST,38.99719444,-75.7858056,S,NAD83,2.73,0.1,NAVD88,2060005.0,dv,99133,2.0,330414,,wat,,701177,0,2023-08-02,2026-04-13,977,POINT (-75.7858056 38.99719444)
USGS,01491000,"CHOPTANK RIVER NEAR GREENSBORO, MD",ST,38.99719444,-75.7858056,S,NAD83,2.73,0.1,NAVD88,2060005.0,dv,99133,3.0,330416,,wat,,701177,0,2023-08-02,2026-04-13,977,POINT (-75.7858056 38.99719444)
USGS,01493112,"CHESTERVILLE BRANCH NEAR CRUMPTON, MD",ST,39.257056,-75.940139,S,NAD83,1.74,0.05,NAVD88,20600020406.0,dv,99133,1.0,68097,"100 ft upstream from gage, [Discontinued]",wat,,701177,0,2012-07-03,2019-10-31,1898,POINT (-75.940139 39.257056)
USGS,01493112,"CHESTERVILLE BRANCH NEAR CRUMPTON, MD",ST,39.257056,-75.940139,S,NAD83,1.74,0.05,NAVD88,20600020406.0,dv,99133,2.0,68098,"100 ft upstream from gage, [Discontinued]",wat,,701177,0,2012-07-03,2019-10-31,1898,POINT (-75.940139 39.257056)
USGS,01493112,"CHESTERVILLE BRANCH NEAR CRUMPTON, MD",ST,39.257056,-75.940139,S,NAD83,1.74,0.05,NAVD88,20600020406.0,dv,99133,3.0,68099,"100 ft upstream from gage, [Discontinued]",wat,,701177,0,2012-07-03,2019-10-31,1898,POINT (-75.940139 39.257056)
USGS,01579550,"SUSQUEHANNA RIVER NEAR DARLINGTON, MD",ST,39.62605556,-76.15775,1,NAD83,9.0,5.0,NAVD88,2050306.0,dv,99133,1.0,68133,,wat,,701177,0,2014-08-22,2026-04-13,3599,POINT (-76.15775 39.62605556)
USGS,01579550,"SUSQUEHANNA RIVER NEAR DARLINGTON, MD",ST,39.62605556,-76.15775,1,NAD83,9.0,5.0,NAVD88,2050306.0,dv,99133,2.0,68134,,wat,,701177,0,2014-08-22,2026-04-13,3599,POINT (-76.15775 39.62605556)
USGS,01579550,"SUSQUEHANNA RIVER NEAR DARLINGTON, MD",ST,39.62605556,-76.15775,1,NAD83,9.0,5.0,NAVD88,2050306.0,dv,99133,3.0,68135,,wat,,701177,0,2014-08-22,2026-04-13,3599,POINT (-76.15775 39.62605556)
USGS,01589485,"JONES FALLS AT MOUTH AT BALTIMORE, MD",ST-TS,39.2841111,-76.60363889,1,NAD83,0.0,0.01,NAVD88,2060003.0,dv,99133,1.0,243469,Upper,wat,,701177,0,2017-02-16,2018-10-07,540,POINT (-76.60363889 39.2841111)
USGS,01589485,"JONES FALLS AT MOUTH AT BALTIMORE, MD",ST-TS,39.2841111,-76.60363889,1,NAD83,0.0,0.01,NAVD88,2060003.0,dv,99133,2.0,323806,Upper,wat,,701177,0,2017-02-16,2018-10-07,540,POINT (-76.60363889 39.2841111)
USGS,01589485,"JONES FALLS AT MOUTH AT BALTIMORE, MD",ST-TS,39.2841111,-76.60363889,1,NAD83,0.0,0.01,NAVD88,2060003.0,dv,99133,3.0,243468,Upper,wat,,701177,0,2017-02-16,2018-10-07,540,POINT (-76.60363889 39.2841111)
USGS,01594441,Patuxent R at Gov Bridge Natural Area nr Bowie MD,ST,38.9468333,-76.69488889,1,NAD83,19.0,1.6,NAVD88,2060006.0,dv,99133,1.0,339222,,wat,,701177,0,2024-05-01,2026-04-13,711,POINT (-76.69488889 38.9468333)
USGS,01594441,Patuxent R at Gov Bridge Natural Area nr Bowie MD,ST,38.9468333,-76.69488889,1,NAD83,19.0,1.6,NAVD88,2060006.0,dv,99133,2.0,339223,,wat,,701177,0,2024-05-01,2026-04-13,711,POINT (-76.69488889 38.9468333)
USGS,01594441,Patuxent R at Gov Bridge Natural Area nr Bowie MD,ST,38.9468333,-76.69488889,1,NAD83,19.0,1.6,NAVD88,2060006.0,dv,99133,3.0,339224,,wat,,701177,0,2024-05-01,2026-04-13,711,POINT (-76.69488889 38.9468333)
USGS,01640152,"SAMS CREEK AT MCKINSTRYS MILL, MD",ST,39.53308056,-77.15888889,1,NAD83,429.53,0.2,NAVD88,2070009.0,dv,99133,1.0,344987,,wat,,701177,0,2024-11-07,2026-04-13,503,POINT (-77.15888889 39.53308056)
USGS,01640152,"SAMS CREEK AT MCKINSTRYS MILL, MD",ST,39.53308056,-77.15888889,1,NAD83,429.53,0.2,NAVD88,2070009.0,dv,99133,2.0,344989,,wat,,701177,0,2024-11-07,2026-04-13,503,POINT (-77.15888889 39.53308056)
USGS,01640152,"SAMS CREEK AT MCKINSTRYS MILL, MD",ST,39.53308056,-77.15888889,1,NAD83,429.53,0.2,NAVD88,2070009.0,dv,99133,3.0,344988,,wat,,701177,0,2024-11-07,2026-04-13,503,POINT (-77.15888889 39.53308056)
USGS,01646500,"POTOMAC RIVER NEAR WASH, DC LITTLE FALLS PUMP STA",ST,38.94977778,-77.12763889,S,NAD83,37.04,0.1,NAVD88,20700081005.0,dv,99133,1.0,68491,"SUNA, [Discontinued]",wat,,701177,0,2011-12-03,2019-06-10,2391,POINT (-77.12763889 38.94977778)
USGS,01646500,"POTOMAC RIVER NEAR WASH, DC LITTLE FALLS PUMP STA",ST,38.94977778,-77.12763889,S,NAD83,37.04,0.1,NAVD88,20700081005.0,dv,99133,1.0,262584,SUNA,wat,,701177,0,2019-07-25,2026-04-13,2329,POINT (-77.12763889 38.94977778)
USGS,01646500,"POTOMAC RIVER NEAR WASH, DC LITTLE FALLS PUMP STA",ST,38.94977778,-77.12763889,S,NAD83,37.04,0.1,NAVD88,20700081005.0,dv,99133,2.0,68492,"SUNA, [Discontinued]",wat,,701177,0,2011-12-03,2019-06-10,2391,POINT (-77.12763889 38.94977778)
USGS,01646500,"POTOMAC RIVER NEAR WASH, DC LITTLE FALLS PUMP STA",ST,38.94977778,-77.12763889,S,NAD83,37.04,0.1,NAVD88,20700081005.0,dv,99133,2.0,262586,SUNA,wat,,701177,0,2019-07-25,2026-04-13,2329,POINT (-77.12763889 38.94977778)
USGS,01646500,"POTOMAC RIVER NEAR WASH, DC LITTLE FALLS PUMP STA",ST,38.94977778,-77.12763889,S,NAD83,37.04,0.1,NAVD88,20700081005.0,dv,99133,3.0,68493,"SUNA, [Discontinued]",wat,,701177,0,2011-12-03,2019-06-10,2391,POINT (-77.12763889 38.94977778)
USGS,01646500,"POTOMAC RIVER NEAR WASH, DC LITTLE FALLS PUMP STA",ST,38.94977778,-77.12763889,S,NAD83,37.04,0.1,NAVD88,20700081005.0,dv,99133,3.0,262585,SUNA,wat,,701177,0,2019-07-25,2026-04-13,2329,POINT (-77.12763889 38.94977778)
USGS,05457000,"CEDAR RIVER NEAR AUSTIN, MN",ST,43.63757,-92.974797,S,NAD83,1162.08,0.16,NAVD88,7080201.0,dv,99133,3.0,325251,,wat,,701177,0,2018-03-02,2019-11-12,583,POINT (-92.974797 43.63757)
USGS,07288800,"YAZOO RIVER AT REDWOOD, MS",ST,32.4873633,-90.8173251,F,NAD83,40.17,10.0,NGVD29,8030208.0,dv,99133,3.0,340478,,wat,,701177,0,2024-06-21,2025-07-07,156,POINT (-90.8173251 32.4873633)
USGS,06818000,"Missouri River at St. Joseph, MO",ST,39.75325,-94.8568333,5,NAD83,789.27,0.02,NAVD88,10240011.0,dv,99133,1.0,309267,,wat,,701177,0,2021-12-10,2026-04-13,1457,POINT (-94.8568333 39.75325)
USGS,06818000,"Missouri River at St. Joseph, MO",ST,39.75325,-94.8568333,5,NAD83,789.27,0.02,NAVD88,10240011.0,dv,99133,2.0,309266,,wat,,701177,0,2021-12-10,2026-04-13,1457,POINT (-94.8568333 39.75325)
USGS,06818000,"Missouri River at St. Joseph, MO",ST,39.75325,-94.8568333,5,NAD83,789.27,0.02,NAVD88,10240011.0,dv,99133,3.0,309268,,wat,,701177,0,2021-12-10,2026-04-13,1457,POINT (-94.8568333 39.75325)
USGS,06819550,"Mozingo Creek near Pickering, MO",ST,40.4311111,-94.7722222,M,NAD83,1049.35,0.12,NAVD88,10240013.0,dv,99133,3.0,307761,,wat,,701177,0,2022-03-16,2026-04-13,1043,POINT (-94.7722222 40.4311111)
USGS,06894650,"Missouri River at Napoleon, MO",ST,39.1336111,-94.0638889,F,NAD83,680.14,0.01,NAVD88,10300101.0,dv,99133,1.0,327509,,wat,,701177,0,2023-04-20,2026-04-13,912,POINT (-94.0638889 39.1336111)
USGS,06894650,"Missouri River at Napoleon, MO",ST,39.1336111,-94.0638889,F,NAD83,680.14,0.01,NAVD88,10300101.0,dv,99133,2.0,327508,,wat,,701177,0,2023-04-20,2026-04-13,912,POINT (-94.0638889 39.1336111)
USGS,06894650,"Missouri River at Napoleon, MO",ST,39.1336111,-94.0638889,F,NAD83,680.14,0.01,NAVD88,10300101.0,dv,99133,3.0,327510,,wat,,701177,0,2023-04-20,2026-04-13,912,POINT (-94.0638889 39.1336111)
USGS,06899900,"Medicine Creek at Lucerne, MO",ST,40.45444444,-93.2863889,S,NAD83,870.02,0.06,NAVD88,10280103.0,dv,99133,1.0,272553,,wat,,701177,0,2020-08-12,2026-04-13,887,POINT (-93.2863889 40.45444444)
USGS,06899900,"Medicine Creek at Lucerne, MO",ST,40.45444444,-93.2863889,S,NAD83,870.02,0.06,NAVD88,10280103.0,dv,99133,2.0,272549,,wat,,701177,0,2020-08-12,2026-04-13,887,POINT (-93.2863889 40.45444444)
USGS,06899900,"Medicine Creek at Lucerne, MO",ST,40.45444444,-93.2863889,S,NAD83,870.02,0.06,NAVD88,10280103.0,dv,99133,3.0,272541,,wat,,701177,0,2020-08-12,2026-04-13,887,POINT (-93.2863889 40.45444444)
USGS,06900050,"Medicine Creek near Laredo, MO",ST,40.0266111,-93.4362222,5,NAD83,733.78,0.05,NAVD88,10280103.0,dv,99133,1.0,272411,,wat,,701177,0,2020-08-12,2026-04-13,875,POINT (-93.4362222 40.0266111)
USGS,06900050,"Medicine Creek near Laredo, MO",ST,40.0266111,-93.4362222,5,NAD83,733.78,0.05,NAVD88,10280103.0,dv,99133,2.0,272409,,wat,,701177,0,2020-08-12,2026-04-13,875,POINT (-93.4362222 40.0266111)
USGS,06900050,"Medicine Creek near Laredo, MO",ST,40.0266111,-93.4362222,5,NAD83,733.78,0.05,NAVD88,10280103.0,dv,99133,3.0,272408,,wat,,701177,0,2020-08-12,2026-04-13,875,POINT (-93.4362222 40.0266111)
USGS,06901500,"Locust Creek near Linneus, MO",ST,39.89594444,-93.2365278,5,NAD83,693.05,0.04,NAVD88,10280103.0,dv,99133,1.0,325425,,wat,,701177,0,2020-08-13,2026-04-13,970,POINT (-93.2365278 39.89594444)
USGS,06901500,"Locust Creek near Linneus, MO",ST,39.89594444,-93.2365278,5,NAD83,693.05,0.04,NAVD88,10280103.0,dv,99133,2.0,272517,,wat,,701177,0,2020-08-13,2026-04-13,970,POINT (-93.2365278 39.89594444)
USGS,06901500,"Locust Creek near Linneus, MO",ST,39.89594444,-93.2365278,5,NAD83,693.05,0.04,NAVD88,10280103.0,dv,99133,3.0,272512,,wat,,701177,0,2020-08-13,2026-04-13,970,POINT (-93.2365278 39.89594444)
USGS,06934500,"Missouri River at Hermann, MO",ST,38.70980556,-91.4385,5,NAD83,481.5,0.05,NAVD88,10300200.0,dv,99133,1.0,165710,,wat,,701177,0,2015-03-25,2026-04-13,3273,POINT (-91.4385 38.70980556)
USGS,06934500,"Missouri River at Hermann, MO",ST,38.70980556,-91.4385,5,NAD83,481.5,0.05,NAVD88,10300200.0,dv,99133,2.0,165711,,wat,,701177,0,2015-03-25,2026-04-13,3273,POINT (-91.4385 38.70980556)
USGS,06934500,"Missouri River at Hermann, MO",ST,38.70980556,-91.4385,5,NAD83,481.5,0.05,NAVD88,10300200.0,dv,99133,3.0,165712,,wat,,701177,0,2015-03-25,2026-04-13,3273,POINT (-91.4385 38.70980556)
USGS,07020850,"Mississippi River at Cape Girardeau, MO",ST,37.30188889,-89.518,5,NAD83,304.27,0.07,NAVD88,7140105.0,dv,99133,1.0,165851,,wat,,701177,0,2014-04-17,2026-04-13,3474,POINT (-89.518 37.30188889)
USGS,07020850,"Mississippi River at Cape Girardeau, MO",ST,37.30188889,-89.518,5,NAD83,304.27,0.07,NAVD88,7140105.0,dv,99133,2.0,165852,,wat,,701177,0,2014-04-17,2026-04-13,3474,POINT (-89.518 37.30188889)
USGS,07020850,"Mississippi River at Cape Girardeau, MO",ST,37.30188889,-89.518,5,NAD83,304.27,0.07,NAVD88,7140105.0,dv,99133,3.0,165853,,wat,,701177,0,2014-04-17,2026-04-13,3474,POINT (-89.518 37.30188889)
USGS,01389005,Passaic River below Pompton Riv at Two Bridges NJ,ST,40.89638889,-74.26916667,S,NAD83,153.93,0.05,NAVD88,20301030801.0,dv,99133,1.0,229454,",from left intake",wat,,701177,0,2009-07-30,2026-04-13,4769,POINT (-74.26916667 40.89638889)
USGS,01389005,Passaic River below Pompton Riv at Two Bridges NJ,ST,40.89638889,-74.26916667,S,NAD83,153.93,0.05,NAVD88,20301030801.0,dv,99133,1.0,323615,",from right intake",wat,,701177,0,2009-07-30,2026-04-13,4758,POINT (-74.26916667 40.89638889)
USGS,01389005,Passaic River below Pompton Riv at Two Bridges NJ,ST,40.89638889,-74.26916667,S,NAD83,153.93,0.05,NAVD88,20301030801.0,dv,99133,2.0,229453,",from right intake",wat,,701177,0,2009-07-30,2026-04-13,4758,POINT (-74.26916667 40.89638889)
USGS,01389005,Passaic River below Pompton Riv at Two Bridges NJ,ST,40.89638889,-74.26916667,S,NAD83,153.93,0.05,NAVD88,20301030801.0,dv,99133,2.0,229457,",from left intake",wat,,701177,0,2009-07-30,2026-04-13,4769,POINT (-74.26916667 40.89638889)
USGS,01389005,Passaic River below Pompton Riv at Two Bridges NJ,ST,40.89638889,-74.26916667,S,NAD83,153.93,0.05,NAVD88,20301030801.0,dv,99133,3.0,229452,",from right intake",wat,,701177,0,2009-07-30,2026-04-13,4758,POINT (-74.26916667 40.89638889)
USGS,01389005,Passaic River below Pompton Riv at Two Bridges NJ,ST,40.89638889,-74.26916667,S,NAD83,153.93,0.05,NAVD88,20301030801.0,dv,99133,3.0,229456,",from left intake",wat,,701177,0,2009-07-30,2026-04-13,4769,POINT (-74.26916667 40.89638889)
USGS,01408500,Toms River near Toms River NJ,ST,39.98638889,-74.2233333,S,NAD83,8.1,0.01,NGVD29,2040301.0,dv,99133,3.0,293049,[Corrected Nitrate],wat,,701177,0,2012-07-11,2014-09-30,670,POINT (-74.2233333 39.98638889)
USGS,01458500,Delaware River at Frenchtown NJ,ST,40.52611111,-75.065,S,NAD83,99.04,0.0,NAVD88,20401050904.0,dv,99133,1.0,322251,,wat,,701177,0,2023-04-15,2025-10-13,371,POINT (-75.065 40.52611111)
USGS,01458500,Delaware River at Frenchtown NJ,ST,40.52611111,-75.065,S,NAD83,99.04,0.0,NAVD88,20401050904.0,dv,99133,2.0,322253,,wat,,701177,0,2023-04-15,2025-10-13,371,POINT (-75.065 40.52611111)
USGS,01458500,Delaware River at Frenchtown NJ,ST,40.52611111,-75.065,S,NAD83,99.04,0.0,NAVD88,20401050904.0,dv,99133,3.0,322252,,wat,,701177,0,2023-04-15,2025-10-13,371,POINT (-75.065 40.52611111)
USGS,01463500,Delaware River at Trenton NJ,ST,40.22166667,-74.77805556,S,NAD83,-1.08,0.0,NAVD88,20401050911.0,dv,99133,1.0,226182,,wat,,701177,0,2018-01-12,2023-04-04,670,POINT (-74.77805556 40.22166667)
USGS,01463500,Delaware River at Trenton NJ,ST,40.22166667,-74.77805556,S,NAD83,-1.08,0.0,NAVD88,20401050911.0,dv,99133,2.0,226185,,wat,,701177,0,2018-01-12,2023-04-04,670,POINT (-74.77805556 40.22166667)
USGS,01463500,Delaware River at Trenton NJ,ST,40.22166667,-74.77805556,S,NAD83,-1.08,0.0,NAVD88,20401050911.0,dv,99133,3.0,226181,,wat,,701177,0,2018-01-12,2023-04-04,670,POINT (-74.77805556 40.22166667)
USGS,03216070,"OHIO RIVER AT IRONTON, OH",ST,38.53205556,-82.68594444,1,NAD83,480.41,0.0,NAVD88,5090103.0,dv,99133,1.0,310911,,wat,,701177,0,2015-09-03,2026-04-13,3579,POINT (-82.68594444 38.53205556)
USGS,03216070,"OHIO RIVER AT IRONTON, OH",ST,38.53205556,-82.68594444,1,NAD83,480.41,0.0,NAVD88,5090103.0,dv,99133,2.0,310910,,wat,,701177,0,2015-09-03,2026-04-13,3573,POINT (-82.68594444 38.53205556)
USGS,03216070,"OHIO RIVER AT IRONTON, OH",ST,38.53205556,-82.68594444,1,NAD83,480.41,0.0,NAVD88,5090103.0,dv,99133,3.0,58412,,wat,,701177,0,2015-09-03,2026-04-13,3561,POINT (-82.68594444 38.53205556)
USGS,03230427,Clover Groff Ditch below Alton OH,ST-DCH,39.94444444,-83.1761111,S,NAD83,888.15,0.0,NAVD88,5060001.0,dv,99133,1.0,353022,,wat,,701177,0,2023-04-19,2026-04-13,872,POINT (-83.1761111 39.94444444)
USGS,03230427,Clover Groff Ditch below Alton OH,ST-DCH,39.94444444,-83.1761111,S,NAD83,888.15,0.0,NAVD88,5060001.0,dv,99133,2.0,353023,,wat,,701177,0,2023-04-19,2026-04-13,872,POINT (-83.1761111 39.94444444)
USGS,03230427,Clover Groff Ditch below Alton OH,ST-DCH,39.94444444,-83.1761111,S,NAD83,888.15,0.0,NAVD88,5060001.0,dv,99133,3.0,353024,,wat,,701177,0,2023-04-19,2026-04-13,872,POINT (-83.1761111 39.94444444)
USGS,04183500,Maumee River at Antwerp OH,ST,41.19893889,-84.7444033,S,NAD83,689.8,0.01,NAVD88,4100005.0,dv,99133,1.0,354510,,wat,,701177,0,2025-07-31,2026-04-13,234,POINT (-84.7444033 41.19893889)
USGS,04183500,Maumee River at Antwerp OH,ST,41.19893889,-84.7444033,S,NAD83,689.8,0.01,NAVD88,4100005.0,dv,99133,2.0,354508,[(2)],wat,,701177,0,2025-07-31,2026-04-13,234,POINT (-84.7444033 41.19893889)
USGS,04183500,Maumee River at Antwerp OH,ST,41.19893889,-84.7444033,S,NAD83,689.8,0.01,NAVD88,4100005.0,dv,99133,3.0,354507,,wat,,701177,0,2026-01-21,2026-04-13,62,POINT (-84.7444033 41.19893889)
USGS,01467200,"Delaware River at Penn's Landing, Philadelphia, PA",ST,39.946402,-75.1393603,S,NAD83,,,,2040202.0,dv,99133,1.0,339839,"ISM Test Bed, [ISM Barge]",wat,,701177,0,2023-04-15,2026-04-13,1019,POINT (-75.1393603 39.946402)
USGS,01467200,"Delaware River at Penn's Landing, Philadelphia, PA",ST,39.946402,-75.1393603,S,NAD83,,,,2040202.0,dv,99133,2.0,339840,"ISM Test Bed, [ISM Barge]",wat,,701177,0,2023-04-15,2026-04-13,1019,POINT (-75.1393603 39.946402)
USGS,01467200,"Delaware River at Penn's Landing, Philadelphia, PA",ST,39.946402,-75.1393603,S,NAD83,,,,2040202.0,dv,99133,3.0,281218,"ISM Test Bed, [ISM barge]",wat,,701177,0,2023-04-15,2026-04-13,1012,POINT (-75.1393603 39.946402)
USGS,01573208,"Swatara Creek near Palmyra, PA",ST,40.32223889,-76.6293944,5,NAD83,335.0,1.6,NAVD88,2050305.0,dv,99133,1.0,337841,,wat,,701177,0,2023-04-15,2026-04-13,1003,POINT (-76.6293944 40.32223889)
USGS,01573208,"Swatara Creek near Palmyra, PA",ST,40.32223889,-76.6293944,5,NAD83,335.0,1.6,NAVD88,2050305.0,dv,99133,2.0,337853,,wat,,701177,0,2023-04-15,2026-04-13,1003,POINT (-76.6293944 40.32223889)
USGS,01573208,"Swatara Creek near Palmyra, PA",ST,40.32223889,-76.6293944,5,NAD83,335.0,1.6,NAVD88,2050305.0,dv,99133,3.0,337840,,wat,,701177,0,2023-04-15,2026-04-13,1003,POINT (-76.6293944 40.32223889)
USGS,01573816,"Swift Run at Brickcrafter Rd nr New Oxford, PA",ST,39.87805556,-77.10077778,1,NAD83,,,,2050306.0,dv,99133,3.0,348196,,wat,,701177,0,2025-02-05,2026-04-13,417,POINT (-77.10077778 39.87805556)
USGS,01575900,"Chiques Creek near Marietta, PA",ST,40.0628745,-76.5155214,U,NAD83,250.0,1.0,NGVD29,2050306.0,dv,99133,1.0,304720,,wat,,701177,0,2021-03-06,2026-04-13,1708,POINT (-76.5155214 40.0628745)
USGS,01575900,"Chiques Creek near Marietta, PA",ST,40.0628745,-76.5155214,U,NAD83,250.0,1.0,NGVD29,2050306.0,dv,99133,2.0,304719,,wat,,701177,0,2021-03-06,2026-04-13,1708,POINT (-76.5155214 40.0628745)
USGS,01575900,"Chiques Creek near Marietta, PA",ST,40.0628745,-76.5155214,U,NAD83,250.0,1.0,NGVD29,2050306.0,dv,99133,3.0,304718,,wat,,701177,0,2021-03-06,2026-04-13,1708,POINT (-76.5155214 40.0628745)
USGS,01576003,"Susquehanna River at Columbia, PA",ST,40.0284308,-76.5177432,U,NAD83,228.0,1.6,NAVD88,2050306.0,dv,99133,1.0,316329,Center,wat,,701177,0,2022-08-18,2026-04-13,1014,POINT (-76.5177432 40.0284308)
USGS,01576003,"Susquehanna River at Columbia, PA",ST,40.0284308,-76.5177432,U,NAD83,228.0,1.6,NAVD88,2050306.0,dv,99133,1.0,316332,East,wat,,701177,0,2022-08-18,2024-08-06,667,POINT (-76.5177432 40.0284308)
USGS,01576003,"Susquehanna River at Columbia, PA",ST,40.0284308,-76.5177432,U,NAD83,228.0,1.6,NAVD88,2050306.0,dv,99133,1.0,316335,West,wat,,701177,0,2022-08-18,2024-08-01,658,POINT (-76.5177432 40.0284308)
USGS,01576003,"Susquehanna River at Columbia, PA",ST,40.0284308,-76.5177432,U,NAD83,228.0,1.6,NAVD88,2050306.0,dv,99133,2.0,316331,Center,wat,,701177,0,2022-08-18,2026-04-13,1014,POINT (-76.5177432 40.0284308)
USGS,01576003,"Susquehanna River at Columbia, PA",ST,40.0284308,-76.5177432,U,NAD83,228.0,1.6,NAVD88,2050306.0,dv,99133,2.0,316334,East,wat,,701177,0,2022-08-18,2024-08-06,667,POINT (-76.5177432 40.0284308)
USGS,01576003,"Susquehanna River at Columbia, PA",ST,40.0284308,-76.5177432,U,NAD83,228.0,1.6,NAVD88,2050306.0,dv,99133,2.0,316337,West,wat,,701177,0,2022-08-18,2024-08-01,658,POINT (-76.5177432 40.0284308)
USGS,01576003,"Susquehanna River at Columbia, PA",ST,40.0284308,-76.5177432,U,NAD83,228.0,1.6,NAVD88,2050306.0,dv,99133,3.0,316330,Center,wat,,701177,0,2022-08-18,2026-04-13,1014,POINT (-76.5177432 40.0284308)
USGS,01576003,"Susquehanna River at Columbia, PA",ST,40.0284308,-76.5177432,U,NAD83,228.0,1.6,NAVD88,2050306.0,dv,99133,3.0,316333,East,wat,,701177,0,2022-08-18,2024-08-06,667,POINT (-76.5177432 40.0284308)
USGS,01576003,"Susquehanna River at Columbia, PA",ST,40.0284308,-76.5177432,U,NAD83,228.0,1.6,NAVD88,2050306.0,dv,99133,3.0,316336,West,wat,,701177,0,2022-08-18,2024-08-01,658,POINT (-76.5177432 40.0284308)
USGS,01576381,"Hammer Creek at Obie Rd nr Schafferstown, PA",ST,40.2710833,-76.3217222,5,NAD83,469.0,1.6,NAVD88,2050306.0,dv,99133,1.0,337887,,wat,,701177,0,2023-11-30,2026-04-13,859,POINT (-76.3217222 40.2710833)
USGS,06476000,"JAMES RIVER AT HURON,SD",ST,44.36359475,-98.199257,R,NAD83,1224.13,0.02,NAVD88,10160006.0,dv,99133,3.0,294956,,wat,,701177,0,2021-04-18,2026-04-13,1030,POINT (-98.199257 44.36359475)
USGS,06478513,"JAMES RIVER NEAR YANKTON, SD",ST,42.9958297,-97.3697806,M,NAD83,1154.08,0.01,NAVD88,10160011.0,dv,99133,3.0,312875,,wat,,701177,0,2019-04-30,2026-04-13,1091,POINT (-97.3697806 42.9958297)
USGS,06480000,"BIG SIOUX RIVER NEAR BROOKINGS,SD",ST,44.1802473,-96.749496,M,NAD83,1552.8,0.12,NAVD88,10170203.0,dv,99133,3.0,338632,,wat,,701177,0,2024-04-11,2026-04-13,318,POINT (-96.749496 44.1802473)
USGS,06481000,"BIG SIOUX RIVER NEAR DELL RAPIDS, SD",ST,43.790472,-96.745333,M,NAD83,1456.94,0.12,NAVD88,101702030605.0,dv,99133,3.0,265807,,wat,,701177,0,2017-04-07,2023-07-16,1085,POINT (-96.745333 43.790472)
USGS,08155500,"Barton Spgs at Austin, TX",SP,30.26354169,-97.7713947,F,NAD83,412.01,0.18,NAVD88,12090205.0,dv,99133,1.0,318290,,wat,,701177,0,2022-08-18,2026-04-14,1317,POINT (-97.7713947 30.26354169)
USGS,08155500,"Barton Spgs at Austin, TX",SP,30.26354169,-97.7713947,F,NAD83,412.01,0.18,NAVD88,12090205.0,dv,99133,2.0,318291,[(2)],wat,,701177,0,2022-08-18,2026-04-14,1317,POINT (-97.7713947 30.26354169)
USGS,08155500,"Barton Spgs at Austin, TX",SP,30.26354169,-97.7713947,F,NAD83,412.01,0.18,NAVD88,12090205.0,dv,99133,3.0,318292,,wat,,701177,0,2022-08-18,2026-04-13,1312,POINT (-97.7713947 30.26354169)
USGS,08170990,"Jacobs Well Spg nr Wimberley, TX",SP,30.03444444,-98.1261111,S,NAD83,919.04,0.22,NAVD88,12100203.0,dv,99133,1.0,353923,,wat,,701177,0,2024-04-04,2026-04-13,637,POINT (-98.1261111 30.03444444)
USGS,08170990,"Jacobs Well Spg nr Wimberley, TX",SP,30.03444444,-98.1261111,S,NAD83,919.04,0.22,NAVD88,12100203.0,dv,99133,2.0,353922,,wat,,701177,0,2024-04-04,2026-04-13,637,POINT (-98.1261111 30.03444444)
USGS,08170990,"Jacobs Well Spg nr Wimberley, TX",SP,30.03444444,-98.1261111,S,NAD83,919.04,0.22,NAVD88,12100203.0,dv,99133,3.0,353924,,wat,,701177,0,2024-04-04,2026-04-13,637,POINT (-98.1261111 30.03444444)
USGS,08195000,"Frio Rv at Concan, TX",ST,29.48856496,-99.7047756,F,NAD83,1203.54,0.87,NAVD88,12110106.0,dv,99133,8.0,342227,,wat,,701177,0,2024-03-11,2026-04-13,670,POINT (-99.7047756 29.48856496)
USGS,0163287828,"WAR BRANCH BELOW TRIB NEAR TENTH LEGION, VA",ST,38.56496944,-78.7155028,1,NAD83,1047.0,1.0,NAVD88,2070006.0,dv,99133,1.0,338167,,wat,,701177,0,2024-05-02,2026-04-13,711,POINT (-78.7155028 38.56496944)
USGS,0163287828,"WAR BRANCH BELOW TRIB NEAR TENTH LEGION, VA",ST,38.56496944,-78.7155028,1,NAD83,1047.0,1.0,NAVD88,2070006.0,dv,99133,2.0,338168,,wat,,701177,0,2024-05-02,2026-04-13,711,POINT (-78.7155028 38.56496944)
USGS,0163287828,"WAR BRANCH BELOW TRIB NEAR TENTH LEGION, VA",ST,38.56496944,-78.7155028,1,NAD83,1047.0,1.0,NAVD88,2070006.0,dv,99133,8.0,338169,,wat,,701177,0,2024-05-03,2026-04-13,707,POINT (-78.7155028 38.56496944)
USGS,01632900,"SMITH CREEK NEAR NEW MARKET, VA",ST,38.69345016,-78.6427935,U,NAD83,880.84,0.09,NAVD88,2070006.0,dv,99133,1.0,144702,,wat,,701177,0,2012-03-22,2026-04-13,4386,POINT (-78.6427935 38.69345016)
USGS,01632900,"SMITH CREEK NEAR NEW MARKET, VA",ST,38.69345016,-78.6427935,U,NAD83,880.84,0.09,NAVD88,2070006.0,dv,99133,2.0,144703,,wat,,701177,0,2012-03-22,2026-04-13,4386,POINT (-78.6427935 38.69345016)
USGS,01632900,"SMITH CREEK NEAR NEW MARKET, VA",ST,38.69345016,-78.6427935,U,NAD83,880.84,0.09,NAVD88,2070006.0,dv,99133,8.0,144704,,wat,,701177,0,2012-03-22,2026-04-13,4386,POINT (-78.6427935 38.69345016)
USGS,01634000,"N F SHENANDOAH RIVER NEAR STRASBURG, VA",ST,38.9767759,-78.3361152,U,NAD83,493.31,0.13,NAVD88,2070006.0,dv,99133,1.0,330468,,wat,,701177,0,2023-08-04,2026-04-14,579,POINT (-78.3361152 38.9767759)
USGS,01634000,"N F SHENANDOAH RIVER NEAR STRASBURG, VA",ST,38.9767759,-78.3361152,U,NAD83,493.31,0.13,NAVD88,2070006.0,dv,99133,2.0,333880,,wat,,701177,0,2023-08-04,2026-04-14,579,POINT (-78.3361152 38.9767759)
USGS,01634000,"N F SHENANDOAH RIVER NEAR STRASBURG, VA",ST,38.9767759,-78.3361152,U,NAD83,493.31,0.13,NAVD88,2070006.0,dv,99133,8.0,333881,,wat,,701177,0,2023-08-04,2026-04-13,574,POINT (-78.3361152 38.9767759)
USGS,01645762,"S F LITTLE DIFFICULT RUN ABOVE MOUTH NR VIENNA, VA",ST,38.90888916,-77.3382627,1,NAD83,275.16,0.14,NAVD88,2070008.0,dv,99133,1.0,338588,,wat,,701177,0,2016-10-26,2026-04-13,3210,POINT (-77.3382627 38.90888916)
USGS,01645762,"S F LITTLE DIFFICULT RUN ABOVE MOUTH NR VIENNA, VA",ST,38.90888916,-77.3382627,1,NAD83,275.16,0.14,NAVD88,2070008.0,dv,99133,2.0,338587,,wat,,701177,0,2016-10-26,2026-04-13,3210,POINT (-77.3382627 38.90888916)
USGS,01645762,"S F LITTLE DIFFICULT RUN ABOVE MOUTH NR VIENNA, VA",ST,38.90888916,-77.3382627,1,NAD83,275.16,0.14,NAVD88,2070008.0,dv,99133,8.0,338586,,wat,,701177,0,2016-10-26,2026-04-13,3197,POINT (-77.3382627 38.90888916)
USGS,0164578734,"SNAKEDEN BRANCH ABOVE LAKE AUDUBON AT RESTON, VA",ST,38.9296611,-77.34113889,1,NAD83,304.7,0.11,NAVD88,2070008.0,dv,99133,1.0,281756,,wat,,701177,0,2022-11-14,2026-04-13,1114,POINT (-77.34113889 38.9296611)
USGS,0164578734,"SNAKEDEN BRANCH ABOVE LAKE AUDUBON AT RESTON, VA",ST,38.9296611,-77.34113889,1,NAD83,304.7,0.11,NAVD88,2070008.0,dv,99133,2.0,281755,,wat,,701177,0,2022-11-14,2026-04-13,1114,POINT (-77.34113889 38.9296611)
USGS,0164578734,"SNAKEDEN BRANCH ABOVE LAKE AUDUBON AT RESTON, VA",ST,38.9296611,-77.34113889,1,NAD83,304.7,0.11,NAVD88,2070008.0,dv,99133,8.0,281768,,wat,,701177,0,2022-11-14,2026-04-13,1081,POINT (-77.34113889 38.9296611)
USGS,0164579522,"THE GLADE NEAR HOWLAND DRIVE AT RESTON, VA",ST,38.9256,-77.32933889,1,NAD83,291.5,0.12,NAVD88,2070008.0,dv,99133,1.0,281823,,wat,,701177,0,2022-11-15,2026-04-14,1206,POINT (-77.32933889 38.9256)
USGS,0164579522,"THE GLADE NEAR HOWLAND DRIVE AT RESTON, VA",ST,38.9256,-77.32933889,1,NAD83,291.5,0.12,NAVD88,2070008.0,dv,99133,2.0,281827,,wat,,701177,0,2022-11-15,2026-04-14,1206,POINT (-77.32933889 38.9256)
USGS,0164579522,"THE GLADE NEAR HOWLAND DRIVE AT RESTON, VA",ST,38.9256,-77.32933889,1,NAD83,291.5,0.12,NAVD88,2070008.0,dv,99133,8.0,281826,,wat,,701177,0,2022-11-15,2026-04-13,1191,POINT (-77.32933889 38.9256)
USGS,01646000,"DIFFICULT RUN NEAR GREAT FALLS, VA",ST,38.97594346,-77.24581439,U,NAD83,150.94,0.13,NAVD88,2070008.0,dv,99133,1.0,144825,,wat,,701177,0,2012-10-19,2026-04-13,4240,POINT (-77.24581439 38.97594346)
USGS,01646000,"DIFFICULT RUN NEAR GREAT FALLS, VA",ST,38.97594346,-77.24581439,U,NAD83,150.94,0.13,NAVD88,2070008.0,dv,99133,2.0,144826,,wat,,701177,0,2012-10-19,2026-04-13,4240,POINT (-77.24581439 38.97594346)
USGS,01646000,"DIFFICULT RUN NEAR GREAT FALLS, VA",ST,38.97594346,-77.24581439,U,NAD83,150.94,0.13,NAVD88,2070008.0,dv,99133,8.0,144827,,wat,,701177,0,2012-10-19,2026-04-13,4161,POINT (-77.24581439 38.97594346)
USGS,01654000,"ACCOTINK CREEK NEAR ANNANDALE, VA",ST,38.81289066,-77.2283158,U,NAD83,190.6,0.08,NAVD88,2070010.0,dv,99133,1.0,334772,,wat,,701177,0,2015-10-08,2026-04-14,3268,POINT (-77.2283158 38.81289066)
USGS,01654000,"ACCOTINK CREEK NEAR ANNANDALE, VA",ST,38.81289066,-77.2283158,U,NAD83,190.6,0.08,NAVD88,2070010.0,dv,99133,2.0,334773,,wat,,701177,0,2015-10-08,2026-04-14,3268,POINT (-77.2283158 38.81289066)
USGS,01654000,"ACCOTINK CREEK NEAR ANNANDALE, VA",ST,38.81289066,-77.2283158,U,NAD83,190.6,0.08,NAVD88,2070010.0,dv,99133,8.0,334771,,wat,,701177,0,2015-10-08,2026-04-13,3246,POINT (-77.2283158 38.81289066)
USGS,01668000,"RAPPAHANNOCK RIVER NEAR FREDERICKSBURG, VA",ST,38.30846178,-77.52915268,S,NAD83,63.69,0.1,NAVD88,2080104.0,dv,99133,1.0,334731,,wat,,701177,0,2023-11-30,2026-04-13,847,POINT (-77.52915268 38.30846178)
USGS,01668000,"RAPPAHANNOCK RIVER NEAR FREDERICKSBURG, VA",ST,38.30846178,-77.52915268,S,NAD83,63.69,0.1,NAVD88,2080104.0,dv,99133,2.0,334732,,wat,,701177,0,2023-11-30,2026-04-13,847,POINT (-77.52915268 38.30846178)
USGS,01668000,"RAPPAHANNOCK RIVER NEAR FREDERICKSBURG, VA",ST,38.30846178,-77.52915268,S,NAD83,63.69,0.1,NAVD88,2080104.0,dv,99133,8.0,334730,,wat,,701177,0,2023-11-30,2026-04-13,839,POINT (-77.52915268 38.30846178)
USGS,016701405,"N ANNA RIVER AT RT 669 NR MONROVIA, VA",ST,38.139,-78.00673889,1,NAD83,260.0,1.6,NAVD88,2080106.0,dv,99133,1.0,330465,,wat,,701177,0,2023-08-03,2025-03-13,583,POINT (-78.00673889 38.139)
USGS,016701405,"N ANNA RIVER AT RT 669 NR MONROVIA, VA",ST,38.139,-78.00673889,1,NAD83,260.0,1.6,NAVD88,2080106.0,dv,99133,2.0,330466,,wat,,701177,0,2023-08-03,2025-03-13,583,POINT (-78.00673889 38.139)
USGS,016701405,"N ANNA RIVER AT RT 669 NR MONROVIA, VA",ST,38.139,-78.00673889,1,NAD83,260.0,1.6,NAVD88,2080106.0,dv,99133,8.0,330467,,wat,,701177,0,2023-08-04,2025-03-13,580,POINT (-78.00673889 38.139)
USGS,01670200,"PAMUNKEY CREEK AT RT 651 NEAR LAHORE, VA",ST,38.1545801,-77.9502747,U,NAD83,,,,2080106.0,dv,99133,1.0,334783,,wat,,701177,0,2023-07-27,2025-03-13,579,POINT (-77.9502747 38.1545801)
USGS,01670200,"PAMUNKEY CREEK AT RT 651 NEAR LAHORE, VA",ST,38.1545801,-77.9502747,U,NAD83,,,,2080106.0,dv,99133,2.0,334784,,wat,,701177,0,2023-07-27,2025-03-13,579,POINT (-77.9502747 38.1545801)
USGS,01670200,"PAMUNKEY CREEK AT RT 651 NEAR LAHORE, VA",ST,38.1545801,-77.9502747,U,NAD83,,,,2080106.0,dv,99133,8.0,334785,,wat,,701177,0,2023-07-28,2025-03-13,575,POINT (-77.9502747 38.1545801)
USGS,01673000,"PAMUNKEY RIVER NEAR HANOVER, VA",ST,37.76764189,-77.3322018,U,NAD83,13.88,0.1,NAVD88,2080106.0,dv,99133,1.0,334749,,wat,,701177,0,2016-09-15,2026-04-14,3282,POINT (-77.3322018 37.76764189)
USGS,01673000,"PAMUNKEY RIVER NEAR HANOVER, VA",ST,37.76764189,-77.3322018,U,NAD83,13.88,0.1,NAVD88,2080106.0,dv,99133,2.0,334750,,wat,,701177,0,2016-09-15,2026-04-14,3282,POINT (-77.3322018 37.76764189)
USGS,01673000,"PAMUNKEY RIVER NEAR HANOVER, VA",ST,37.76764189,-77.3322018,U,NAD83,13.88,0.1,NAVD88,2080106.0,dv,99133,8.0,334748,,wat,,701177,0,2016-09-15,2026-04-13,3273,POINT (-77.3322018 37.76764189)
USGS,01674500,"MATTAPONI RIVER NEAR BEULAHVILLE, VA",ST,37.88388889,-77.16527778,S,NAD83,11.47,0.09,NAVD88,2080105.0,dv,99133,1.0,331221,,wat,,701177,0,2023-07-20,2026-04-14,967,POINT (-77.16527778 37.88388889)
USGS,01674500,"MATTAPONI RIVER NEAR BEULAHVILLE, VA",ST,37.88388889,-77.16527778,S,NAD83,11.47,0.09,NAVD88,2080105.0,dv,99133,2.0,331222,,wat,,701177,0,2023-07-20,2026-04-14,967,POINT (-77.16527778 37.88388889)
USGS,01674500,"MATTAPONI RIVER NEAR BEULAHVILLE, VA",ST,37.88388889,-77.16527778,S,NAD83,11.47,0.09,NAVD88,2080105.0,dv,99133,8.0,331223,,wat,,701177,0,2023-07-21,2026-04-13,953,POINT (-77.16527778 37.88388889)
USGS,02035000,"JAMES RIVER AT CARTERSVILLE, VA",ST,37.67097957,-78.0858328,U,NAD83,167.1,0.1,NAVD88,2080205.0,dv,99133,1.0,145277,,wat,,701177,0,2014-07-30,2026-04-13,3880,POINT (-78.0858328 37.67097957)
USGS,02035000,"JAMES RIVER AT CARTERSVILLE, VA",ST,37.67097957,-78.0858328,U,NAD83,167.1,0.1,NAVD88,2080205.0,dv,99133,2.0,145278,,wat,,701177,0,2014-07-30,2026-04-13,3880,POINT (-78.0858328 37.67097957)
USGS,02035000,"JAMES RIVER AT CARTERSVILLE, VA",ST,37.67097957,-78.0858328,U,NAD83,167.1,0.1,NAVD88,2080205.0,dv,99133,8.0,145279,,wat,,701177,0,2014-07-30,2026-04-13,3880,POINT (-78.0858328 37.67097957)
USGS,02041650,"APPOMATTOX RIVER AT MATOACA, VA",ST,37.2251505,-77.475263,U,NAD83,67.1,0.14,NAVD88,2080207.0,dv,99133,1.0,331224,,wat,,701177,0,2023-08-28,2026-04-14,818,POINT (-77.475263 37.2251505)
USGS,02041650,"APPOMATTOX RIVER AT MATOACA, VA",ST,37.2251505,-77.475263,U,NAD83,67.1,0.14,NAVD88,2080207.0,dv,99133,2.0,331225,,wat,,701177,0,2023-08-28,2026-04-14,818,POINT (-77.475263 37.2251505)
USGS,02041650,"APPOMATTOX RIVER AT MATOACA, VA",ST,37.2251505,-77.475263,U,NAD83,67.1,0.14,NAVD88,2080207.0,dv,99133,8.0,331226,,wat,,701177,0,2023-09-01,2026-04-13,767,POINT (-77.475263 37.2251505)
USGS,02042222,"JAMES RIVER ABV WEYANOKE POINT NR CHARLES CITY, VA",ST-TS,37.2923611,-77.0787222,1,NAD83,0.0,0.08,NAVD88,2080206.0,dv,99133,1.0,145359,,wat,,701177,0,2014-08-15,2017-10-07,1005,POINT (-77.0787222 37.2923611)
USGS,02042222,"JAMES RIVER ABV WEYANOKE POINT NR CHARLES CITY, VA",ST-TS,37.2923611,-77.0787222,1,NAD83,0.0,0.08,NAVD88,2080206.0,dv,99133,2.0,145360,,wat,,701177,0,2014-08-15,2017-10-07,1005,POINT (-77.0787222 37.2923611)
USGS,02042222,"JAMES RIVER ABV WEYANOKE POINT NR CHARLES CITY, VA",ST-TS,37.2923611,-77.0787222,1,NAD83,0.0,0.08,NAVD88,2080206.0,dv,99133,8.0,145361,,wat,,701177,0,2014-08-15,2017-10-07,1005,POINT (-77.0787222 37.2923611)
USGS,12473503,"SCBID WB 5 WASTEWAY NEAR MOUTH NEAR RINGOLD,WA",ST-DCH,46.5365222,-119.2800694,S,NAD83,391.0,1.6,NAVD88,17020016.0,dv,99133,1.0,249507,[discontinued 10/29/2021],wat,,701177,0,2019-04-30,2021-10-28,855,POINT (-119.2800694 46.5365222)
USGS,12473503,"SCBID WB 5 WASTEWAY NEAR MOUTH NEAR RINGOLD,WA",ST-DCH,46.5365222,-119.2800694,S,NAD83,391.0,1.6,NAVD88,17020016.0,dv,99133,2.0,249506,[discontinued 10/29/2021],wat,,701177,0,2019-04-30,2021-10-28,855,POINT (-119.2800694 46.5365222)
USGS,12473503,"SCBID WB 5 WASTEWAY NEAR MOUTH NEAR RINGOLD,WA",ST-DCH,46.5365222,-119.2800694,S,NAD83,391.0,1.6,NAVD88,17020016.0,dv,99133,3.0,248533,[discontinued 10/29/2021],wat,,701177,0,2019-04-30,2021-10-28,855,POINT (-119.2800694 46.5365222)
USGS,12507573,"YAKIMA RIVER AT RM 73.8 NEAR EMERALD, WA",ST,46.2852222,-120.0919944,S,NAD83,651.5,0.11,NAVD88,17030003.0,dv,99133,1.0,321629,,wat,,701177,0,2022-03-01,2023-10-31,451,POINT (-120.0919944 46.2852222)
USGS,12507573,"YAKIMA RIVER AT RM 73.8 NEAR EMERALD, WA",ST,46.2852222,-120.0919944,S,NAD83,651.5,0.11,NAVD88,17030003.0,dv,99133,2.0,321628,,wat,,701177,0,2022-03-01,2023-10-31,451,POINT (-120.0919944 46.2852222)
USGS,12507573,"YAKIMA RIVER AT RM 73.8 NEAR EMERALD, WA",ST,46.2852222,-120.0919944,S,NAD83,651.5,0.11,NAVD88,17030003.0,dv,99133,3.0,321630,,wat,,701177,0,2022-03-01,2023-10-31,451,POINT (-120.0919944 46.2852222)
USGS,12509489,"YAKIMA RIVER AT PROSSER, WA",ST,46.2124361,-119.7656833,S,NAD83,636.0,4.3,NAVD88,17030003.0,dv,99133,1.0,321611,,wat,,701177,0,2022-02-04,2024-09-30,518,POINT (-119.7656833 46.2124361)
USGS,12509489,"YAKIMA RIVER AT PROSSER, WA",ST,46.2124361,-119.7656833,S,NAD83,636.0,4.3,NAVD88,17030003.0,dv,99133,2.0,321612,,wat,,701177,0,2022-02-04,2024-09-30,518,POINT (-119.7656833 46.2124361)
USGS,12509489,"YAKIMA RIVER AT PROSSER, WA",ST,46.2124361,-119.7656833,S,NAD83,636.0,4.3,NAVD88,17030003.0,dv,99133,3.0,321396,,wat,,701177,0,2022-02-04,2024-09-30,518,POINT (-119.7656833 46.2124361)
USGS,04072150,"DUCK CREEK NEAR HOWARD, WI",ST,44.53338889,-88.1296944,S,NAD83,602.0,1.0,NAVD88,4030204.0,dv,99133,1.0,152454,,wat,,701177,0,2014-10-01,2016-10-02,519,POINT (-88.1296944 44.53338889)
USGS,04072150,"DUCK CREEK NEAR HOWARD, WI",ST,44.53338889,-88.1296944,S,NAD83,602.0,1.0,NAVD88,4030204.0,dv,99133,2.0,152455,,wat,,701177,0,2014-10-01,2016-10-02,519,POINT (-88.1296944 44.53338889)
USGS,04072150,"DUCK CREEK NEAR HOWARD, WI",ST,44.53338889,-88.1296944,S,NAD83,602.0,1.0,NAVD88,4030204.0,dv,99133,3.0,152456,,wat,,701177,0,2014-10-01,2016-10-02,519,POINT (-88.1296944 44.53338889)
USGS,04080798,"TOMORROW RIVER NEAR NELSONVILLE, WI",ST,44.5244444,-89.3377778,S,NAD83,1059.01,0.09,NAVD88,4030202.0,dv,99133,1.0,152573,,wat,,701177,0,2014-09-10,2017-10-11,1006,POINT (-89.3377778 44.5244444)
USGS,04080798,"TOMORROW RIVER NEAR NELSONVILLE, WI",ST,44.5244444,-89.3377778,S,NAD83,1059.01,0.09,NAVD88,4030202.0,dv,99133,2.0,152574,,wat,,701177,0,2014-09-10,2017-10-11,1006,POINT (-89.3377778 44.5244444)
USGS,04080798,"TOMORROW RIVER NEAR NELSONVILLE, WI",ST,44.5244444,-89.3377778,S,NAD83,1059.01,0.09,NAVD88,4030202.0,dv,99133,3.0,152575,,wat,,701177,0,2014-09-10,2017-10-11,1015,POINT (-89.3377778 44.5244444)
USGS,04081000,"WAUPACA RIVER NEAR WAUPACA, WI",ST,44.32916667,-88.9958333,S,NAD83,779.95,0.01,NAVD88,4030202.0,dv,99133,1.0,152591,,wat,,701177,0,2014-10-03,2017-10-02,914,POINT (-88.9958333 44.32916667)
USGS,04081000,"WAUPACA RIVER NEAR WAUPACA, WI",ST,44.32916667,-88.9958333,S,NAD83,779.95,0.01,NAVD88,4030202.0,dv,99133,2.0,152592,,wat,,701177,0,2014-10-03,2017-10-02,914,POINT (-88.9958333 44.32916667)
USGS,04081000,"WAUPACA RIVER NEAR WAUPACA, WI",ST,44.32916667,-88.9958333,S,NAD83,779.95,0.01,NAVD88,4030202.0,dv,99133,3.0,152593,,wat,,701177,0,2014-10-03,2017-10-02,914,POINT (-88.9958333 44.32916667)
